inspection_id,establishment_name,address,telephone,email,inspection_date,inspection_time_in,inspection_time_out,license_holder,license_number,license_period_start,license_period_end,establishment_type,risk_category,inspection_type,total_violations,priority_violations,priority_violations_corrected_on_site,priority_violations_repeated,priority_foundation_violations,priority_foundation_violations_corrected_on_site,priority_foundation_violations_repeated,core_violations,core_violations_corrected_on_site,core_violations_repeated,critical_violations,critical_violations_corrected_on_site,critical_violations_repeated,noncritical_violations,noncritical_violations_corrected_on_site,noncritical_violations_repeated,inspector_comments,inspector_name,inspector_badge_number,known_valid
681,KERRY'S CARRY OUT,"2409 BENNING RD NE Washington, DC 20002",202-397-8881,chensophia85@yahoo.com,2008-10-14,,,Ren Chen Mei Hong Zhuang,09305xxxx-66005085,2008-07-31,2010-07-31,Delicatessen,3,Follow-up,0,,,,,,,,,,0,0,0,0,0,0,,JA,,False
682,KERRY'S CARRY OUT,"2409 BENNING RD NE Washington, DC 20002",202-397-8881,chensophia85@yahoo.com,2008-10-28,,,Ren Chen Mei Hong Zhuang,09305xxxx-66005085,2008-07-31,2010-07-31,Delicatessen,3,Follow-up,0,,,,,,,,,,0,0,0,0,0,0,,JA,,False
683,DUNKIN DONUTS,"2420 NEW YORK AVE NE Washington, DC 20002",(202) 526-3677,rezaray@verizon.net,2008-10-16,,,E & P Inc,09313XXXX-39935801,2016-05-01,2018-04-30,Restaurant Total,2,Routine,0,,,,,,,,,,0,0,0,0,0,0,,BF,,False
684,DC CENTRAL COMMISSARY,"2625 EVARTS ST NE Washington, DC 20018",(202) 400-2816,Tsheriff@dccentralkitchen.org,2008-06-23,,,Organic To Go Inc,20091XXXX-68003990,2008-06-01,2010-05-31,Caterer,4,Other,0,,,,,,,,,,0,0,0,0,0,0,,AG,,False
685,DC CENTRAL COMMISSARY,"2625 EVARTS ST NE Washington, DC 20018",(202) 400-2816,Tsheriff@dccentralkitchen.org,2010-05-10,12:55 PM,04:50 PM,Organic To Go Inc,20091XXXX-68003990,2008-06-01,2010-05-31,Caterer,4,Routine,13,,,,,,,,,,5,2,0,8,2,0,Person in charge left before I completed my paperwork,Ivory Gene Cooper,650,False
686,STADIUM EXXON,"2651 BENNING RD NE WASHINGTON, DC 20019",(202) 396-6125,,2008-10-16,,,E & Z INC.,,2010-07-10,2012-07-10,Food Products,1,Follow-up,0,,,,,,,,,,0,0,0,0,0,0,,JA,,False
687,HONG KONG RESTAURANT,"2700 NEW YORK AVE NE WASHINGTON, DC 20002",,,2009-09-01,,,Shi & Ren LLC,80037xxxx-69005981,2009-01-01,2011-06-30,Restaurant Total,3,Complaint,0,,,,,,,,,,0,0,0,0,0,0,,NF,,False
688,HONG KONG RESTAURANT,"2700 NEW YORK AVE NE WASHINGTON, DC 20002",,,2009-09-02,,,Shi & Ren LLC,80037xxxx-69005981,2009-01-01,2011-06-30,Restaurant Total,3,Complaint,0,,,,,,,,,,0,0,0,0,0,0,,NF,,False
689,HONG KONG RESTAURANT,"2700 NEW YORK AVE NE WASHINGTON, DC 20002",,,2009-09-08,,,Shi & Ren LLC,80037xxxx-69005981,2009-01-01,2011-06-30,Restaurant Total,3,Follow-up,0,,,,,,,,,,0,0,0,0,0,0,,NF,,False
690,HONG KONG RESTAURANT,"2700 NEW YORK AVE NE WASHINGTON, DC 20002",,,2009-09-14,,,Shi & Ren LLC,80037xxxx-69005981,2009-01-01,2011-06-30,Restaurant Total,3,Follow-up,0,,,,,,,,,,0,0,0,0,0,0,,NF,,False
691,BIG FISH,"2721 7TH ST NE WASHINGTON, DC 20017",(240) 755-1817,,2009-06-11,,,BIG FISH,,,,Delicatessen,3,Routine,0,,,,,,,,,,0,0,0,0,0,0,,,,False
692,FRANKLIN'S LIQUOR & MARKET,"2723 7TH ST NE Washington, DC 20017",(202) 832-5080,,2009-07-14,,,Adulis Inc,09308xxxx-12000020,2014-07-01,2016-06-30,Grocery Store,2,Other,0,,,,,,,,,,0,0,0,0,0,0,,,,False
693,FRANKLIN'S LIQUOR & MARKET,"2723 7TH ST NE Washington, DC 20017",(202) 832-5080,,2009-06-17,,,Adulis Inc,09308xxxx-12000020,2014-07-01,2016-06-30,Grocery Store,2,Follow-up,0,,,,,,,,,,0,0,0,0,0,0,,,,False
694,FRANKLIN'S LIQUOR & MARKET,"2723 7TH ST NE Washington, DC 20017",(202) 832-5080,,2010-01-26,,,Adulis Inc,09308xxxx-12000020,2014-07-01,2016-06-30,Grocery Store,2,Follow-up,0,,,,,,,,,,0,0,0,0,0,0,,NF,,False
695,SAMMY CARRYOUT,"2801 12TH ST NE Washington, DC 20017",,tonyhe72@yahoo.com,2008-06-26,,,SAMMY CARRYOUT,84165xxxx-64003951,2008-08-01,2010-07-31,Delicatessen,3,Routine,0,,,,,,,,,,0,0,0,0,0,0,,,,False
696,SAMMY CARRYOUT,"2801 12TH ST NE Washington, DC 20017",,tonyhe72@yahoo.com,2008-08-13,,,SAMMY CARRYOUT,84165xxxx-64003951,2008-08-01,2010-07-31,Delicatessen,3,Follow-up,0,,,,,,,,,,0,0,0,0,0,0,,,,False
697,SAMMY CARRYOUT,"2801 12TH ST NE Washington, DC 20017",,tonyhe72@yahoo.com,2008-09-05,,,SAMMY CARRYOUT,84165xxxx-64003951,2008-08-01,2010-07-31,Delicatessen,3,Routine,0,,,,,,,,,,0,0,0,0,0,0,,JA,,False
698,SAMMY CARRYOUT,"2801 12TH ST NE Washington, DC 20017",,tonyhe72@yahoo.com,2008-09-11,,,SAMMY CARRYOUT,84165xxxx-64003951,2008-08-01,2010-07-31,Delicatessen,3,Follow-up,0,,,,,,,,,,0,0,0,0,0,0,,JA,,False
699,SAMMY CARRYOUT,"2801 12TH ST NE Washington, DC 20017",,tonyhe72@yahoo.com,2008-09-19,,,SAMMY CARRYOUT,84165xxxx-64003951,2008-08-01,2010-07-31,Delicatessen,3,Complaint,0,,,,,,,,,,0,0,0,0,0,0,,JA,,False
700,SAMMY CARRYOUT,"2801 12TH ST NE Washington, DC 20017",,tonyhe72@yahoo.com,2008-09-22,,,SAMMY CARRYOUT,84165xxxx-64003951,2008-08-01,2010-07-31,Delicatessen,3,Complaint,0,,,,,,,,,,0,0,0,0,0,0,,JA,,False
701,SAMMY CARRYOUT,"2801 12TH ST NE Washington, DC 20017",,tonyhe72@yahoo.com,2008-10-08,,,SAMMY CARRYOUT,84165xxxx-64003951,2008-08-01,2010-07-31,Delicatessen,3,Follow-up,0,,,,,,,,,,0,0,0,0,0,0,,JA,,False
702,SAMMY CARRYOUT,"2801 12TH ST NE Washington, DC 20017",,tonyhe72@yahoo.com,2009-04-01,,,SAMMY CARRYOUT,84165xxxx-64003951,2008-08-01,2010-07-31,Delicatessen,3,Routine,0,,,,,,,,,,0,0,0,0,0,0,,,,False
703,BROOKLAND SUPERMARKET & DELI,"2815 7TH ST NE Washington, DC 20017",(202) 269-6262,belaymekonen@yahoo.com,2009-06-11,,,A & K Inc.,34199xxxx-54002393,2012-05-01,2014-04-30,Delicatessen,2,Routine,0,,,,,,,,,,0,0,0,0,0,0,,,,False
704,BROOKLAND SUPERMARKET & DELI,"2815 7TH ST NE Washington, DC 20017",(202) 269-6262,belaymekonen@yahoo.com,2009-06-17,,,A & K Inc.,34199xxxx-54002393,2012-05-01,2014-04-30,Delicatessen,2,Follow-up,0,,,,,,,,,,0,0,0,0,0,0,,,,False
705,SOLAR ECLIPSE RESTAURANT & NIGHT CLUB (n),"2820 BLADENSBURG RD NE WASHINGTON, DC 20018",(202) 526-3533,,2009-08-12,,,Eclipse Restaurant & Night Club Inc,93130xxxx-66004664,2012-07-01,2014-06-30,Restaurant Total,3,Routine,0,,,,,,,,,,0,0,0,0,0,0,,BRB,,False
707,WASHINGTON FOOD MARKETING,"2920 V ST NE Washington, DC 20018",,,2010-03-19,,,WASHINGTON FOOD MARKETING,09306xxxx-53000293,2014-05-01,2016-04-30,Food Products,1,Routine,0,,,,,,,,,,0,0,0,0,0,0,,YW,,False
708,DON PEPE'S CASH & CARRY,"300 MORSE ST NE WASHINGTON, DC 20002",(202) 544-2633,CUSCATLANUSA@AOL.COM,2009-05-29,02:00 PM,,"Distribuidora Cuscatlan, Inc.",09308XXXX-69004248,2017-06-01,2019-05-31,Grocery Store,3,License Renewal,0,,,,,,,,,,0,0,0,0,0,0,,IC,650,False
709,"OBENG INTERNATIONAL WHOLESALE, & RETAIL","300 MORSE ST NE WASHINGTON, DC 20002",(202) 544-8255,jayobex@gmail.com,2010-03-10,,,"Obeng International Wholesale & Retail, Inc.",09308xxxx-67001770,2009-04-01,2011-03-31,Grocery Store,3,Routine,0,,,,,,,,,,0,0,0,0,0,0,,CB,,False
710,"OBENG INTERNATIONAL WHOLESALE, & RETAIL","300 MORSE ST NE WASHINGTON, DC 20002",(202) 544-8255,jayobex@gmail.com,2010-03-18,,,"Obeng International Wholesale & Retail, Inc.",09308xxxx-67001770,2009-04-01,2011-03-31,Grocery Store,3,Follow-up,0,,,,,,,,,,0,0,0,0,0,0,,CB,,False
711,SAM WANG PRODUCE,"300 MORSE ST NE WASHINGTON, DC 20002",(202) 544-5162,swproducedc@gmail.com,2010-03-08,,,"S.W. Produce, Inc.",09308XXXX-70102205,2010-03-01,2012-02-29,Grocery Store,2,Routine,0,,,,,,,,,,0,0,0,0,0,0,,CB,,False
712,SAM WANG PRODUCE,"300 MORSE ST NE WASHINGTON, DC 20002",(202) 544-5162,swproducedc@gmail.com,2010-03-08,,,"S.W. Produce, Inc.",09308XXXX-70102205,2010-03-01,2012-02-29,Grocery Store,2,Routine,0,,,,,,,,,,0,0,0,0,0,0,,CB,,False
713,SAM WANG PRODUCE,"300 MORSE ST NE WASHINGTON, DC 20002",(202) 544-5162,swproducedc@gmail.com,2010-03-19,,,"S.W. Produce, Inc.",09308XXXX-70102205,2010-03-01,2012-02-29,Grocery Store,2,Follow-up,0,,,,,,,,,,0,0,0,0,0,0,,CB,,False
714,SAM WANG PRODUCE,"300 MORSE ST NE WASHINGTON, DC 20002",(202) 544-5162,swproducedc@gmail.com,2010-03-19,,,"S.W. Produce, Inc.",09308XXXX-70102205,2010-03-01,2012-02-29,Grocery Store,2,Follow-up,0,,,,,,,,,,0,0,0,0,0,0,,CB,,False
715,COAST IN LIQUOR,"301 FLORIDA AVE NE Washington, DC 20002",(202) 546-5453,johnbooker301@yahoo.com,2008-02-28,,,John A Booker Jr Inc,09305xxxx-50004463,2013-09-01,2015-08-31,Delicatessen,1,Follow-up,0,,,,,,,,,,0,0,0,0,0,0,,CB,,False
716,COAST IN LIQUOR,"301 FLORIDA AVE NE Washington, DC 20002",(202) 546-5453,johnbooker301@yahoo.com,2009-04-03,,,John A Booker Jr Inc,09305xxxx-50004463,2013-09-01,2015-08-31,Delicatessen,1,Routine,0,,,,,,,,,,0,0,0,0,0,0,,,,False
717,WHITE TIGER RESTAURANT,"301 MASSACHUSETTS AVE NE Washington, DC 20002",,,2009-09-16,,,WHITE TIGER INC.,52198XXXX-39606691,2010-05-01,2012-04-30,Restaurant Total,3,Routine,0,,,,,,,,,,0,0,0,0,0,0,,CB,,False
718,WHITE TIGER RESTAURANT,"301 MASSACHUSETTS AVE NE Washington, DC 20002",,,2009-09-23,,,WHITE TIGER INC.,52198XXXX-39606691,2010-05-01,2012-04-30,Restaurant Total,3,Follow-up,0,,,,,,,,,,0,0,0,0,0,0,,DMcF,,False
719,STOP & SHOP LIQUORS,"3011 RHODE ISLAND AVE NE Washington, DC 20018",,,2008-09-05,,,STOP & SHOP LIQUORS,,,,Food Products,1,Routine,0,,,,,,,,,,0,0,0,0,0,0,,BF,,False
720,STOP & SHOP LIQUORS,"3011 RHODE ISLAND AVE NE Washington, DC 20018",,,2008-10-20,,,STOP & SHOP LIQUORS,,,,Food Products,1,Follow-up,0,,,,,,,,,,0,0,0,0,0,0,,BF,,False
721,SHELL RHODE ISLAND,"3101 RHODE ISLAND AVE NE Washington, DC 20018",,,2008-09-05,,,Sys Kiflu Inc.,26133xxxx-68005626,2008-08-31,2010-08-31,Delicatessen,2,Other,0,,,,,,,,,,0,0,0,0,0,0,,BF,,False
722,SHELL RHODE ISLAND,"3101 RHODE ISLAND AVE NE Washington, DC 20018",,,2008-09-05,,,Sys Kiflu Inc.,26133xxxx-68005626,2008-08-31,2010-08-31,Delicatessen,2,Routine,0,,,,,,,,,,0,0,0,0,0,0,,BF,,False
723,SHELL RHODE ISLAND,"3101 RHODE ISLAND AVE NE Washington, DC 20018",,,2008-09-11,,,Sys Kiflu Inc.,26133xxxx-68005626,2008-08-31,2010-08-31,Delicatessen,2,Follow-up,0,,,,,,,,,,0,0,0,0,0,0,,BF,,False
724,SUNNY'S CARRYOUT,"3131 RHODE ISLAND AVE NE BLDG Washington, DC 20018",202-832-5676,aronzhang88@yahoo.com,2008-09-11,,,Zhang J Jian,09313XXxX-53003553,2016-05-01,2018-04-30,Delicatessen,3,Follow-up,0,,,,,,,,,,0,0,0,0,0,0,,BF,,False
725,LA LOMA RESTAURANT,"316 MASSACHUSETTS AVE NE Washington, DC 20002",(202) 548-2550,miltonf66@icloud.com,2009-08-12,,,La Loma Inc,09313XXXX-39807222,2016-05-01,2018-04-30,Restaurant Total,3,Routine,0,,,,,,,,,,0,0,0,0,0,0,,CB,,False
726,LA LOMA RESTAURANT,"316 MASSACHUSETTS AVE NE Washington, DC 20002",(202) 548-2550,miltonf66@icloud.com,2009-08-27,,,La Loma Inc,09313XXXX-39807222,2016-05-01,2018-04-30,Restaurant Total,3,Follow-up,0,,,,,,,,,,0,0,0,0,0,0,,BRB,,False
727,BIG VALU LIQUORS,"3174 BLADENSBURG RD NE WASHINGTON, DC 20018",(202) 529-4311,Jasbir27b@gmail.com,2008-09-25,,,Jas & Jassi Inc,09306xxxx-39801443,2016-01-01,2017-12-31,Food Products,1,Other,0,,,,,,,,,,0,0,0,0,0,0,,,,False
728,BIG VALU LIQUORS,"3174 BLADENSBURG RD NE WASHINGTON, DC 20018",(202) 529-4311,Jasbir27b@gmail.com,2008-10-14,,,Jas & Jassi Inc,09306xxxx-39801443,2016-01-01,2017-12-31,Food Products,1,Other,0,,,,,,,,,,0,0,0,0,0,0,,,,False
729,NEW CENTURY CARRYOUT,"3176 BLADENSBURG RD NE WASHINGTON, DC 20018",(202) 529-2877,chencalvin333@gmail.com,2008-06-19,,,Chen Nan,09305xxxx-54001783,2014-04-01,2016-03-31,Delicatessen,3,Routine,0,,,,,,,,,,0,0,0,0,0,0,,NF,,False
730,NEW CENTURY CARRYOUT,"3176 BLADENSBURG RD NE WASHINGTON, DC 20018",(202) 529-2877,chencalvin333@gmail.com,2009-04-28,,,Chen Nan,09305xxxx-54001783,2014-04-01,2016-03-31,Delicatessen,3,Follow-up,0,,,,,,,,,,0,0,0,0,0,0,,,,False
731,NEW CENTURY CARRYOUT,"3176 BLADENSBURG RD NE WASHINGTON, DC 20018",(202) 529-2877,chencalvin333@gmail.com,2009-06-16,,,Chen Nan,09305xxxx-54001783,2014-04-01,2016-03-31,Delicatessen,3,Routine,0,,,,,,,,,,0,0,0,0,0,0,,,,False
732,NEW CENTURY CARRYOUT,"3176 BLADENSBURG RD NE WASHINGTON, DC 20018",(202) 529-2877,chencalvin333@gmail.com,2009-06-24,,,Chen Nan,09305xxxx-54001783,2014-04-01,2016-03-31,Delicatessen,3,Follow-up,0,,,,,,,,,,0,0,0,0,0,0,,,,False
733,NEW CENTURY CARRYOUT,"3176 BLADENSBURG RD NE WASHINGTON, DC 20018",(202) 529-2877,chencalvin333@gmail.com,2010-03-09,,,Chen Nan,09305xxxx-54001783,2014-04-01,2016-03-31,Delicatessen,3,Routine,0,,,,,,,,,,0,0,0,0,0,0,,YW,,False
734,NEW CENTURY CARRYOUT,"3176 BLADENSBURG RD NE WASHINGTON, DC 20018",(202) 529-2877,chencalvin333@gmail.com,2010-03-15,,,Chen Nan,09305xxxx-54001783,2014-04-01,2016-03-31,Delicatessen,3,Follow-up,0,,,,,,,,,,0,0,0,0,0,0,,YW,,False
735,AST MARKET,"3182 BLADENSBURG RD NE Washington, DC 20018",(202) 526-1496,Tsighena@yahoo.com,2009-06-19,,,Dollar Plus Food Store,,2009-09-01,2011-08-31,Delicatessen,2,Preoperational,0,,,,,,,,,,0,0,0,0,0,0,,,,False
736,AST MARKET,"3182 BLADENSBURG RD NE Washington, DC 20018",(202) 526-1496,Tsighena@yahoo.com,2009-08-03,,,Dollar Plus Food Store,,2009-09-01,2011-08-31,Delicatessen,2,Follow-up,0,,,,,,,,,,0,0,0,0,0,0,,,,False
737,BISTRO ITALIANO,"320 D ST NE Washington, DC 20002",(202) 546-4522,bistroitaliano@gmail.com,2008-08-12,,,Vangho Corporation,09313xxxx-39506963,2014-05-01,2016-04-30,Restaurant Total,3,Complaint,0,,,,,,,,,,0,0,0,0,0,0,,NF,,False
738,BISTRO ITALIANO,"320 D ST NE Washington, DC 20002",(202) 546-4522,bistroitaliano@gmail.com,2008-09-29,,,Vangho Corporation,09313xxxx-39506963,2014-05-01,2016-04-30,Restaurant Total,3,Follow-up,0,,,,,,,,,,0,0,0,0,0,0,,JA,,False
739,BURGER KING,"320 FLORIDA AVE NE Washington, DC 20002",202-546-7525,rfi47@republicfoods.com,2008-08-21,,,"Republic Foods, Inc.",09313XXXX-13000084,2014-12-01,2016-11-30,Restaurant Total,3,Complaint,0,,,,,,,,,,0,0,0,0,0,0,,CB,,False
740,BURGER KING,"320 FLORIDA AVE NE Washington, DC 20002",202-546-7525,rfi47@republicfoods.com,2009-04-03,,,"Republic Foods, Inc.",09313XXXX-13000084,2014-12-01,2016-11-30,Restaurant Total,3,Routine,0,,,,,,,,,,0,0,0,0,0,0,,,,False
741,BURGER KING,"320 FLORIDA AVE NE Washington, DC 20002",202-546-7525,rfi47@republicfoods.com,2009-07-06,,,"Republic Foods, Inc.",09313XXXX-13000084,2014-12-01,2016-11-30,Restaurant Total,3,Complaint,0,,,,,,,,,,0,0,0,0,0,0,,AJ,,False
742,POPEYE'S CHICKEN & BISCUITS,"3200 BLADENSBURG RD NE WASHINGTON, DC 20018",(202) 640-2104,papeyes3230@live.com,2009-06-16,,,Solopop I Corporation,09313xxxx-39303681,2016-05-01,2018-04-30,Restaurant Total,3,Routine,0,,,,,,,,,,0,0,0,0,0,0,,,,False
743,POPEYE'S CHICKEN & BISCUITS,"3200 BLADENSBURG RD NE WASHINGTON, DC 20018",(202) 640-2104,papeyes3230@live.com,2009-06-24,,,Solopop I Corporation,09313xxxx-39303681,2016-05-01,2018-04-30,Restaurant Total,3,Follow-up,0,,,,,,,,,,0,0,0,0,0,0,,,,False
744,POPEYE'S CHICKEN & BISCUITS,"3200 BLADENSBURG RD NE WASHINGTON, DC 20018",(202) 640-2104,papeyes3230@live.com,2010-03-15,,,Solopop I Corporation,09313xxxx-39303681,2016-05-01,2018-04-30,Restaurant Total,3,Complaint,0,,,,,,,,,,0,0,0,0,0,0,,YW,,False
745,POPEYE'S CHICKEN & BISCUITS,"3200 BLADENSBURG RD NE WASHINGTON, DC 20018",(202) 640-2104,papeyes3230@live.com,2010-03-15,,,Solopop I Corporation,09313xxxx-39303681,2016-05-01,2018-04-30,Restaurant Total,3,Routine,0,,,,,,,,,,0,0,0,0,0,0,,YW,,False
746,MCKINLEY MARKET,"321 T ST NE Washington, DC 20002",202-832-7377,getebiza@yahoo.com,2008-07-21,,,MNS LLC,09308xxxx-69009480,2013-10-01,2015-09-30,Grocery Store,2,Complaint,0,,,,,,,,,,0,0,0,0,0,0,,CB,,False
747,MCKINLEY MARKET,"321 T ST NE Washington, DC 20002",202-832-7377,getebiza@yahoo.com,2008-07-22,,,MNS LLC,09308xxxx-69009480,2013-10-01,2015-09-30,Grocery Store,2,Complaint,0,,,,,,,,,,0,0,0,0,0,0,,CB,,False
748,MCKINLEY MARKET,"321 T ST NE Washington, DC 20002",202-832-7377,getebiza@yahoo.com,2008-07-28,,,MNS LLC,09308xxxx-69009480,2013-10-01,2015-09-30,Grocery Store,2,Follow-up,0,,,,,,,,,,0,0,0,0,0,0,,CB,,False
749,SAFEWAY #1177,"322 40TH ST NE WASHINGTON, DC 20019",(202) 397-2802,S1177c90@safeway.com,,,,"Safeway, Inc",09305xxxx-13000021,2014-12-01,2016-11-30,Delicatessen,3,Other,0,,,,,,,,,,0,0,0,0,0,0,,,,False
750,SAFEWAY #1177,"322 40TH ST NE WASHINGTON, DC 20019",(202) 397-2802,S1177c90@safeway.com,,,,"Safeway, Inc",09305xxxx-13000021,2014-12-01,2016-11-30,Delicatessen,3,Other,0,,,,,,,,,,0,0,0,0,0,0,,,,False
751,SAFEWAY #1177,"322 40TH ST NE WASHINGTON, DC 20019",(202) 397-2802,S1177c90@safeway.com,1977-06-25,,,"Safeway, Inc",09305xxxx-13000021,2014-12-01,2016-11-30,Delicatessen,3,Other,0,,,,,,,,,,0,0,0,0,0,0,,,,False
752,SAFEWAY #1177,"322 40TH ST NE WASHINGTON, DC 20019",(202) 397-2802,S1177c90@safeway.com,2008-02-21,,,"Safeway, Inc",09305xxxx-13000021,2014-12-01,2016-11-30,Delicatessen,3,Complaint,0,,,,,,,,,,0,0,0,0,0,0,,CB,,False
753,SAFEWAY #1177,"322 40TH ST NE WASHINGTON, DC 20019",(202) 397-2802,S1177c90@safeway.com,2008-04-07,,,"Safeway, Inc",09305xxxx-13000021,2014-12-01,2016-11-30,Delicatessen,3,Follow-up,0,,,,,,,,,,0,0,0,0,0,0,,CB,,False
754,SAFEWAY #1177,"322 40TH ST NE WASHINGTON, DC 20019",(202) 397-2802,S1177c90@safeway.com,2008-07-15,,,"Safeway, Inc",09305xxxx-13000021,2014-12-01,2016-11-30,Delicatessen,3,Complaint,0,,,,,,,,,,0,0,0,0,0,0,,CB,,False
755,SAFEWAY #1177,"322 40TH ST NE WASHINGTON, DC 20019",(202) 397-2802,S1177c90@safeway.com,2008-07-15,,,"Safeway, Inc",09305xxxx-13000021,2014-12-01,2016-11-30,Delicatessen,3,Follow-up,0,,,,,,,,,,0,0,0,0,0,0,,CB,,False
756,SAFEWAY #1177,"322 40TH ST NE WASHINGTON, DC 20019",(202) 397-2802,S1177c90@safeway.com,2008-09-02,,,"Safeway, Inc",09305xxxx-13000021,2014-12-01,2016-11-30,Delicatessen,3,Complaint,0,,,,,,,,,,0,0,0,0,0,0,,AJ,,False
757,SAFEWAY #1177,"322 40TH ST NE WASHINGTON, DC 20019",(202) 397-2802,S1177c90@safeway.com,2008-09-02,,,"Safeway, Inc",09305xxxx-13000021,2014-12-01,2016-11-30,Delicatessen,3,Routine,0,,,,,,,,,,0,0,0,0,0,0,,AJ,,False
758,SAFEWAY #1177,"322 40TH ST NE WASHINGTON, DC 20019",(202) 397-2802,S1177c90@safeway.com,2009-01-09,,,"Safeway, Inc",09305xxxx-13000021,2014-12-01,2016-11-30,Delicatessen,3,Complaint,0,,,,,,,,,,0,0,0,0,0,0,,,,False
759,SAFEWAY #1177,"322 40TH ST NE WASHINGTON, DC 20019",(202) 397-2802,S1177c90@safeway.com,2009-05-26,,,"Safeway, Inc",09305xxxx-13000021,2014-12-01,2016-11-30,Delicatessen,3,Follow-up,0,,,,,,,,,,0,0,0,0,0,0,,,,False
760,SAFEWAY #1177,"322 40TH ST NE WASHINGTON, DC 20019",(202) 397-2802,S1177c90@safeway.com,2009-06-24,,,"Safeway, Inc",09305xxxx-13000021,2014-12-01,2016-11-30,Delicatessen,3,Other,0,,,,,,,,,,0,0,0,0,0,0,,,,False
761,SAFEWAY #1177,"322 40TH ST NE WASHINGTON, DC 20019",(202) 397-2802,S1177c90@safeway.com,2009-06-24,,,"Safeway, Inc",09305xxxx-13000021,2014-12-01,2016-11-30,Delicatessen,3,Complaint,0,,,,,,,,,,0,0,0,0,0,0,,IGC,,False
762,SAFEWAY #1177,"322 40TH ST NE WASHINGTON, DC 20019",(202) 397-2802,S1177c90@safeway.com,2009-09-30,,,"Safeway, Inc",09305xxxx-13000021,2014-12-01,2016-11-30,Delicatessen,3,Follow-up,0,,,,,,,,,,0,0,0,0,0,0,,BRB,,False
763,CAFE BERLIN,"322 MASSACHUSETTS AVE NE Washington, DC 20002",(202) 543-7656,cafeberlindc@yahoo.com,2008-06-13,,,CAFE BERLIN INC,52136xxxx-500004387,2012-05-01,2014-04-30,Restaurant Total,3,Routine,0,,,,,,,,,,0,0,0,0,0,0,,CB,,False
764,CAFE BERLIN,"322 MASSACHUSETTS AVE NE Washington, DC 20002",(202) 543-7656,cafeberlindc@yahoo.com,2009-08-27,,,CAFE BERLIN INC,52136xxxx-500004387,2012-05-01,2014-04-30,Restaurant Total,3,Routine,0,,,,,,,,,,0,0,0,0,0,0,,BRB,,False
765,CAFE BERLIN,"322 MASSACHUSETTS AVE NE Washington, DC 20002",(202) 543-7656,cafeberlindc@yahoo.com,2009-09-15,,,CAFE BERLIN INC,52136xxxx-500004387,2012-05-01,2014-04-30,Restaurant Total,3,Complaint,0,,,,,,,,,,0,0,0,0,0,0,,CB,,False
766,BOBBY Q'S,"3301 12TH ST NE Washington, DC 20017",,,2009-08-04,,,BOBBY Q'S,,2009-03-31,2011-04-30,Restaurant Total,3,Follow-up,0,,,,,,,,,,0,0,0,0,0,0,,BRB,,False
767,7-ELEVEN,"333 HAWAII AVE NE WASHINGTON, DC 20017",(202) 269-1009,BERHANUWAKTOLA@YAHOO.COM,2008-07-22,,,Mark Chiochankitmum,09305XXXX-39901559,2015-09-01,2017-08-31,Delicatessen,2,Complaint,0,,,,,,,,,,0,0,0,0,0,0,,AJ,,False
768,7-ELEVEN,"333 HAWAII AVE NE WASHINGTON, DC 20017",(202) 269-1009,BERHANUWAKTOLA@YAHOO.COM,2008-07-23,,,Mark Chiochankitmum,09305XXXX-39901559,2015-09-01,2017-08-31,Delicatessen,2,Complaint,0,,,,,,,,,,0,0,0,0,0,0,,AJ,,False
769,7-ELEVEN,"333 HAWAII AVE NE WASHINGTON, DC 20017",(202) 269-1009,BERHANUWAKTOLA@YAHOO.COM,2008-07-29,,,Mark Chiochankitmum,09305XXXX-39901559,2015-09-01,2017-08-31,Delicatessen,2,Follow-up,0,,,,,,,,,,0,0,0,0,0,0,,CB,,False
770,7-ELEVEN,"333 HAWAII AVE NE WASHINGTON, DC 20017",(202) 269-1009,BERHANUWAKTOLA@YAHOO.COM,2008-09-16,,,Mark Chiochankitmum,09305XXXX-39901559,2015-09-01,2017-08-31,Delicatessen,2,Routine,0,,,,,,,,,,0,0,0,0,0,0,,BF,,False
771,7-ELEVEN,"333 HAWAII AVE NE WASHINGTON, DC 20017",(202) 269-1009,BERHANUWAKTOLA@YAHOO.COM,2008-11-13,,,Mark Chiochankitmum,09305XXXX-39901559,2015-09-01,2017-08-31,Delicatessen,2,Follow-up,0,,,,,,,,,,0,0,0,0,0,0,,,,False
772,7-ELEVEN,"333 HAWAII AVE NE WASHINGTON, DC 20017",(202) 269-1009,BERHANUWAKTOLA@YAHOO.COM,2009-09-08,,,Mark Chiochankitmum,09305XXXX-39901559,2009-09-01,2011-08-31,Delicatessen,2,Routine,0,,,,,,,,,,0,0,0,0,0,0,,,,False
773,7-ELEVEN,"333 HAWAII AVE NE WASHINGTON, DC 20017",(202) 269-1009,BERHANUWAKTOLA@YAHOO.COM,2009-09-14,,,Mark Chiochankitmum,09305XXXX-39901559,2009-09-01,2011-08-31,Delicatessen,2,Follow-up,0,,,,,,,,,,0,0,0,0,0,0,,YW,,False
774,DOMINOS PIZZA,"333 HAWAII AVE NE WASHINGTON, DC 20017",(202) 832-3343,sghazi@teamwash.com,2008-09-17,,,Team Washington Inc,09305xxxx-39102698,2008-09-01,2010-08-31,Delicatessen,3,Follow-up,0,,,,,,,,,,0,0,0,0,0,0,,BF,,False
775,DOMINOS PIZZA,"333 HAWAII AVE NE WASHINGTON, DC 20017",(202) 832-3343,sghazi@teamwash.com,2008-11-13,,,Team Washington Inc,09305xxxx-39102698,2008-09-01,2010-08-31,Delicatessen,3,Follow-up,0,,,,,,,,,,0,0,0,0,0,0,,,,False
776,DOMINOS PIZZA,"333 HAWAII AVE NE WASHINGTON, DC 20017",(202) 832-3343,sghazi@teamwash.com,2009-09-08,,,Team Washington Inc,09305xxxx-39102698,2008-09-01,2010-08-31,Delicatessen,3,Routine,0,,,,,,,,,,0,0,0,0,0,0,,,,False
777,DOMINOS PIZZA,"333 HAWAII AVE NE WASHINGTON, DC 20017",(202) 832-3343,sghazi@teamwash.com,2009-09-14,,,Team Washington Inc,09305xxxx-39102698,2008-09-01,2010-08-31,Delicatessen,3,Follow-up,0,,,,,,,,,,0,0,0,0,0,0,,YW,,False
778,HEIGHTS SEAFOOD & DELI,"333 HAWAII AVE NE WASHINGTON, DC 20017",202-526-4602,janechang84@gmail.com,2008-06-16,,,"Chang, Hyun Min & Kyong OK",52165xxxx-53000359,2009-09-01,2011-08-31,Delicatessen,3,Follow-up,0,,,,,,,,,,0,0,0,0,0,0,,CB,,False
779,HEIGHTS SEAFOOD & DELI,"333 HAWAII AVE NE WASHINGTON, DC 20017",202-526-4602,janechang84@gmail.com,2008-11-13,,,"Chang, Hyun Min & Kyong OK",52165xxxx-53000359,2009-09-01,2011-08-31,Delicatessen,3,Follow-up,0,,,,,,,,,,0,0,0,0,0,0,,,,False
780,HEIGHTS SEAFOOD & DELI,"333 HAWAII AVE NE WASHINGTON, DC 20017",202-526-4602,janechang84@gmail.com,2009-02-13,,,"Chang, Hyun Min & Kyong OK",52165xxxx-53000359,2009-09-01,2011-08-31,Delicatessen,3,Complaint,0,,,,,,,,,,0,0,0,0,0,0,,,,False
781,HEIGHTS SEAFOOD & DELI,"333 HAWAII AVE NE WASHINGTON, DC 20017",202-526-4602,janechang84@gmail.com,2009-03-25,,,"Chang, Hyun Min & Kyong OK",52165xxxx-53000359,2009-09-01,2011-08-31,Delicatessen,3,Follow-up,0,,,,,,,,,,0,0,0,0,0,0,,,,False
782,HEIGHTS SEAFOOD & DELI,"333 HAWAII AVE NE WASHINGTON, DC 20017",202-526-4602,janechang84@gmail.com,2009-09-08,,,"Chang, Hyun Min & Kyong OK",52165xxxx-53000359,2009-09-01,2011-08-31,Delicatessen,3,Routine,0,,,,,,,,,,0,0,0,0,0,0,,,,False
783,HEIGHTS SEAFOOD & DELI,"333 HAWAII AVE NE WASHINGTON, DC 20017",202-526-4602,janechang84@gmail.com,2009-09-14,,,"Chang, Hyun Min & Kyong OK",52165xxxx-53000359,2009-09-01,2011-08-31,Delicatessen,3,Follow-up,0,,,,,,,,,,0,0,0,0,0,0,,YW,,False
784,HUNAN DELIGHT,"333 HAWAII AVE NE WASHINGTON, DC 20017",202-529-8724,suy12044@gmail.com,2008-09-17,,,Hunan JJ and J Inc,09305XXXX-53005515,2017-09-01,2019-08-31,Delicatessen,3,Routine,0,,,,,,,,,,0,0,0,0,0,0,,BF,,False
785,HUNAN DELIGHT,"333 HAWAII AVE NE WASHINGTON, DC 20017",202-529-8724,suy12044@gmail.com,2009-09-08,,,Hunan JJ and J Inc,09305XXXX-53005515,2009-09-01,2011-08-31,Delicatessen,3,Routine,0,,,,,,,,,,0,0,0,0,0,0,,,,False
786,HUNAN DELIGHT,"333 HAWAII AVE NE WASHINGTON, DC 20017",202-529-8724,suy12044@gmail.com,2009-09-14,,,Hunan JJ and J Inc,09305XXXX-53005515,2009-09-01,2011-08-31,Delicatessen,3,Follow-up,0,,,,,,,,,,0,0,0,0,0,0,,YW,,False
787,THOMAS & SON'S MARKET,"3425 BENNING RD NE Washington, DC 20019",(202) 397-7500,emaagostino@gmail.com,2008-07-03,,,Gaon Enterprises Inc.,09305xxxx-66003134,2014-05-01,2016-04-30,Delicatessen,2,Routine,0,,,,,,,,,,0,0,0,0,0,0,,AJ,,False
788,THOMAS & SON'S MARKET,"3425 BENNING RD NE Washington, DC 20019",(202) 397-7500,emaagostino@gmail.com,2009-01-14,,,Gaon Enterprises Inc.,09305xxxx-66003134,2014-05-01,2016-04-30,Delicatessen,2,Complaint,0,,,,,,,,,,0,0,0,0,0,0,,,,False
789,THOMAS & SON'S MARKET,"3425 BENNING RD NE Washington, DC 20019",(202) 397-7500,emaagostino@gmail.com,2009-09-23,,,Gaon Enterprises Inc.,09305xxxx-66003134,2014-05-01,2016-04-30,Delicatessen,2,Routine,0,,,,,,,,,,0,0,0,0,0,0,,YW,,False
790,THOMAS & SON'S MARKET,"3425 BENNING RD NE Washington, DC 20019",(202) 397-7500,emaagostino@gmail.com,2009-09-28,,,Gaon Enterprises Inc.,09305xxxx-66003134,2014-05-01,2016-04-30,Delicatessen,2,Follow-up,0,,,,,,,,,,0,0,0,0,0,0,,YW,,False
791,ZIGGY'S,"35 NEW YORK AVE NE Washington, DC 20002",,,2008-02-28,,,Ziggy's finest Inc,52110xxxx-69008894,2009-08-20,2011-08-20,Delicatessen,3,Routine,0,,,,,,,,,,0,0,0,0,0,0,,CB,,False
792,ZIGGY'S,"35 NEW YORK AVE NE Washington, DC 20002",,,2008-12-22,,,Ziggy's finest Inc,52110xxxx-69008894,2009-08-20,2011-08-20,Delicatessen,3,Other,0,,,,,,,,,,0,0,0,0,0,0,,SC,,False
793,DAVID'S FARM,"350 MORSE ST NE Washington, DC 20002",(202) 543-6780,,2010-08-16,09:20 AM,10:15 AM,David's International Food LLC,09308XXXX-69001093,2009-02-01,2011-01-31,Grocery Store,2,Other,2,,,,,,,,,,0,0,0,2,0,0,FOR QUESTIONS CALL MS COLEMAN AT 202-442-5928 CFS HO Y KIM 40553 EXP 09/28/12,C BASSEY,612,False
794,WINGS TO GO,"3502 12TH ST NE WASHINGTON, DC 20017",(202) 529-7619,nazmul0209@yahoo.com,1933-09-15,,,AJ Eastern Inc.,09305xxxx-54002120,2014-05-01,2016-04-30,Delicatessen,3,Other,0,,,,,,,,,,0,0,0,0,0,0,,,,False
795,WINGS TO GO,"3502 12TH ST NE WASHINGTON, DC 20017",(202) 529-7619,nazmul0209@yahoo.com,2008-06-26,,,AJ Eastern Inc.,09305xxxx-54002120,2014-05-01,2016-04-30,Delicatessen,3,Routine,0,,,,,,,,,,0,0,0,0,0,0,,,,False
796,WINGS TO GO,"3502 12TH ST NE WASHINGTON, DC 20017",(202) 529-7619,nazmul0209@yahoo.com,2008-08-13,,,AJ Eastern Inc.,09305xxxx-54002120,2014-05-01,2016-04-30,Delicatessen,3,Follow-up,0,,,,,,,,,,0,0,0,0,0,0,,,,False
797,WINGS TO GO,"3502 12TH ST NE WASHINGTON, DC 20017",(202) 529-7619,nazmul0209@yahoo.com,2008-09-04,,,AJ Eastern Inc.,09305xxxx-54002120,2014-05-01,2016-04-30,Delicatessen,3,Routine,0,,,,,,,,,,0,0,0,0,0,0,,JA,,False
798,WINGS TO GO,"3502 12TH ST NE WASHINGTON, DC 20017",(202) 529-7619,nazmul0209@yahoo.com,2008-09-11,,,AJ Eastern Inc.,09305xxxx-54002120,2014-05-01,2016-04-30,Delicatessen,3,Routine,0,,,,,,,,,,0,0,0,0,0,0,,JA,,False
799,WINGS TO GO,"3502 12TH ST NE WASHINGTON, DC 20017",(202) 529-7619,nazmul0209@yahoo.com,2009-04-01,,,AJ Eastern Inc.,09305xxxx-54002120,2014-05-01,2016-04-30,Delicatessen,3,Routine,0,,,,,,,,,,0,0,0,0,0,0,,,,False
800,WINGS TO GO,"3502 12TH ST NE WASHINGTON, DC 20017",(202) 529-7619,nazmul0209@yahoo.com,2009-07-29,,,AJ Eastern Inc.,09305xxxx-54002120,2014-05-01,2016-04-30,Delicatessen,3,Complaint,0,,,,,,,,,,0,0,0,0,0,0,,,,False
801,SUBWAY,"3504 12TH ST NE Washington, DC 20017",(202) 526-5999,Sukhsubway@gmail.com,2009-05-27,,,Ildari Enterprise LLC,09313xxxx-68001124,2014-03-01,2016-02-28,Restaurant Total,3,Other,0,,,,,,,,,,0,0,0,0,0,0,,,,False
802,SUBWAY,"3504 12TH ST NE Washington, DC 20017",(202) 526-5999,Sukhsubway@gmail.com,2008-02-29,,,Ildari Enterprise LLC,09313xxxx-68001124,2014-03-01,2016-02-28,Restaurant Total,3,Follow-up,0,,,,,,,,,,0,0,0,0,0,0,,CB,,False
803,SUBWAY,"3504 12TH ST NE Washington, DC 20017",(202) 526-5999,Sukhsubway@gmail.com,2008-09-04,,,Ildari Enterprise LLC,09313xxxx-68001124,2014-03-01,2016-02-28,Restaurant Total,3,Routine,0,,,,,,,,,,0,0,0,0,0,0,,JA,,False
804,SUBWAY,"3504 12TH ST NE Washington, DC 20017",(202) 526-5999,Sukhsubway@gmail.com,2008-09-11,,,Ildari Enterprise LLC,09313xxxx-68001124,2014-03-01,2016-02-28,Restaurant Total,3,Follow-up,0,,,,,,,,,,0,0,0,0,0,0,,JA,,False
805,SUBWAY,"3504 12TH ST NE Washington, DC 20017",(202) 526-5999,Sukhsubway@gmail.com,2009-04-01,,,Ildari Enterprise LLC,09313xxxx-68001124,2014-03-01,2016-02-28,Restaurant Total,3,Routine,0,,,,,,,,,,0,0,0,0,0,0,,,,False
806,SUBWAY,"3504 12TH ST NE Washington, DC 20017",(202) 526-5999,Sukhsubway@gmail.com,2009-08-26,,,Ildari Enterprise LLC,09313xxxx-68001124,2014-03-01,2016-02-28,Restaurant Total,3,Routine,0,,,,,,,,,,0,0,0,0,0,0,,,,False
807,SUBWAY,"3504 12TH ST NE Washington, DC 20017",(202) 526-5999,Sukhsubway@gmail.com,2009-09-02,,,Ildari Enterprise LLC,09313xxxx-68001124,2014-03-01,2016-02-28,Restaurant Total,3,Follow-up,0,,,,,,,,,,0,0,0,0,0,0,,,,False
808,SUBWAY,"3504 12TH ST NE Washington, DC 20017",(202) 526-5999,Sukhsubway@gmail.com,2009-10-02,,,Ildari Enterprise LLC,09313xxxx-68001124,2014-03-01,2016-02-28,Restaurant Total,3,Routine,0,,,,,,,,,,0,0,0,0,0,0,,NF,,False
809,MURRY & PAUL'S RESTAURANT,"3513 12th ST NE WASHINGTON, DC 20017",(202) 529-4078,hoshineya@gmail.com,2009-06-01,,,"Chang, Bok J.",09313xxxx-50006350,2014-05-01,2016-04-30,Restaurant Total,3,Other,0,,,,,,,,,,0,0,0,0,0,0,,,,False
810,MURRY & PAUL'S RESTAURANT,"3513 12th ST NE WASHINGTON, DC 20017",(202) 529-4078,hoshineya@gmail.com,2008-09-04,,,"Chang, Bok J.",09313xxxx-50006350,2014-05-01,2016-04-30,Restaurant Total,3,Routine,0,,,,,,,,,,0,0,0,0,0,0,,JA,,False
811,MURRY & PAUL'S RESTAURANT,"3513 12th ST NE WASHINGTON, DC 20017",(202) 529-4078,hoshineya@gmail.com,2008-09-11,,,"Chang, Bok J.",09313xxxx-50006350,2014-05-01,2016-04-30,Restaurant Total,3,Follow-up,0,,,,,,,,,,0,0,0,0,0,0,,JA,,False
812,REAL SPICE,"3522 12TH ST NE WASHINGTON, DC 20017",(202) 526-2001,,2009-08-13,,,Real Spice LLC,90050xxxx-69006926,2009-08-01,2011-07-31,Delicatessen,3,Follow-up,0,,,,,,,,,,0,0,0,0,0,0,,,,False
813,TROPICANA EATERIES,"3522 12TH ST NE WASHINGTON, DC 20017",,,2008-09-04,,,TROPICANA EATERIES,,,,Delicatessen,3,Routine,0,,,,,,,,,,0,0,0,0,0,0,,JA,,False
814,TROPICANA EATERIES,"3522 12TH ST NE WASHINGTON, DC 20017",,,2008-09-11,,,TROPICANA EATERIES,,,,Delicatessen,3,Follow-up,0,,,,,,,,,,0,0,0,0,0,0,,JA,,False
815,TROPICANA EATERIES,"3522 12TH ST NE WASHINGTON, DC 20017",,,2009-08-05,,,TROPICANA EATERIES,,,,Delicatessen,3,Follow-up,0,,,,,,,,,,0,0,0,0,0,0,,,,False
816,PIZZA KINGDOM,"3524 12TH ST NE Washington, DC 20017",,,2009-06-01,,,Brookland Inc.,27432xxxx-71102131,2011-03-01,2013-02-28,Delicatessen,3,Other,0,,,,,,,,,,0,0,0,0,0,0,,,,False
817,PIZZA KINGDOM,"3524 12TH ST NE Washington, DC 20017",,,2008-09-05,,,Brookland Inc.,27432xxxx-71102131,2011-03-01,2013-02-28,Delicatessen,3,Routine,0,,,,,,,,,,0,0,0,0,0,0,,JA,,False
818,PIZZA KINGDOM,"3524 12TH ST NE Washington, DC 20017",,,2008-10-17,,,Brookland Inc.,27432xxxx-71102131,2011-03-01,2013-02-28,Delicatessen,3,Follow-up,0,,,,,,,,,,0,0,0,0,0,0,,JA,,False
819,PIZZA KINGDOM,"3524 12TH ST NE Washington, DC 20017",,,2009-03-31,,,Brookland Inc.,27432xxxx-71102131,2011-03-01,2013-02-28,Delicatessen,3,Routine,0,,,,,,,,,,0,0,0,0,0,0,,,,False
820,PIZZA KINGDOM,"3524 12TH ST NE Washington, DC 20017",,,2009-08-05,,,Brookland Inc.,27432xxxx-71102131,2011-03-01,2013-02-28,Delicatessen,3,Follow-up,0,,,,,,,,,,0,0,0,0,0,0,,,,False
821,DISCOUNT MART,"3526 EAST CAPITOL ST NE Washington, DC 20019",(202) 388-1006,,2011-08-02,01:51 PM,02:44 PM,DISCOUNT MART,,2011-08-02,2011-08-16,Food Products,2,Routine,1,,,,,,,,,,0,0,0,1,1,0,"NO OBJECTIONS TO THE ISSUANCE OF LICENSE The business does not have a written employee's health policy for food-borne illness, a copy is given to the store manager. Correct stated items within 5-days and 45-days If any question please call area supervisor Ms. Coleman at 202-442-5928",Ross J. Gateretse,624,False
822,BROOKLAND GRILL,"3528 12TH ST NE Washington, DC 20017",(202) 526-7419,oguhchas@yahoo.com,2008-09-05,,,The Ice Cream Station LLC,09313xxxx-41000946,2016-05-01,2018-04-30,Restaurant Total,3,Routine,0,,,,,,,,,,0,0,0,0,0,0,,JA,,False
823,BROOKLAND GRILL,"3528 12TH ST NE Washington, DC 20017",(202) 526-7419,oguhchas@yahoo.com,2008-09-25,,,The Ice Cream Station LLC,09313xxxx-41000946,2016-05-01,2018-04-30,Restaurant Total,3,Routine,0,,,,,,,,,,0,0,0,0,0,0,,JA,,False
824,BROOKLAND GRILL,"3528 12TH ST NE Washington, DC 20017",(202) 526-7419,oguhchas@yahoo.com,2008-10-17,,,The Ice Cream Station LLC,09313xxxx-41000946,2016-05-01,2018-04-30,Restaurant Total,3,Follow-up,0,,,,,,,,,,0,0,0,0,0,0,,JA,,False
825,BROOKLAND GRILL,"3528 12TH ST NE Washington, DC 20017",(202) 526-7419,oguhchas@yahoo.com,2009-03-31,,,The Ice Cream Station LLC,09313xxxx-41000946,2016-05-01,2018-04-30,Restaurant Total,3,Routine,0,,,,,,,,,,0,0,0,0,0,0,,JA,,False
826,BROOKLAND GRILL,"3528 12TH ST NE Washington, DC 20017",(202) 526-7419,oguhchas@yahoo.com,2009-09-09,,,The Ice Cream Station LLC,09313xxxx-41000946,2016-05-01,2018-04-30,Restaurant Total,3,Follow-up,0,,,,,,,,,,0,0,0,0,0,0,,CB,,False
827,DCPS Warehouse,"3535 V ST NE Washington, DC 20018",,,2008-05-20,,,DCPS Warehouse,,2011-05-26,2011-05-30,Unlicensed Food,4,Routine,0,,,,,,,,,,0,0,0,0,0,0,,,,False
828,GREENWAY MARKET,"3542 EAST CAPITOL ST NE Washington, DC 20019",(202) 399-1344,,2008-06-03,,,Amanuel Mebrhtu,12345xxxx-64004244,2008-10-31,2010-10-31,Delicatessen,2,Follow-up,0,,,,,,,,,,0,0,0,0,0,0,,CB,,False
829,GREENWAY MARKET,"3542 EAST CAPITOL ST NE Washington, DC 20019",(202) 399-1344,,2009-12-11,,,Amanuel Mebrhtu,12345xxxx-64004244,2008-10-31,2010-10-31,Delicatessen,2,Routine,0,,,,,,,,,,0,0,0,0,0,0,,,,False
830,GREENWAY MARKET,"3542 EAST CAPITOL ST NE Washington, DC 20019",(202) 399-1344,,2009-12-14,,,Amanuel Mebrhtu,12345xxxx-64004244,2008-10-31,2010-10-31,Delicatessen,2,Other,0,,,,,,,,,,0,0,0,0,0,0,,BRB,,False
831,GREENWAY MARKET,"3542 EAST CAPITOL ST NE Washington, DC 20019",(202) 399-1344,,2009-12-14,,,Amanuel Mebrhtu,12345xxxx-64004244,2008-10-31,2010-10-31,Delicatessen,2,Other,0,,,,,,,,,,0,0,0,0,0,0,,BRB,,False
832,NEW TONG SHIN,"3901 12TH ST NE Washington, DC 20017",(202) 832-8868,chen090707@yahoo.com,2009-06-01,,,Hua Rong Corporation,09305xxxx-41004271,2015-09-01,2017-08-31,Delicatessen,3,Other,0,,,,,,,,,,0,0,0,0,0,0,,,,False
833,NEW TONG SHIN,"3901 12TH ST NE Washington, DC 20017",(202) 832-8868,chen090707@yahoo.com,2008-09-15,,,Hua Rong Corporation,09305xxxx-41004271,2015-09-01,2017-08-31,Delicatessen,3,Other,0,,,,,,,,,,0,0,0,0,0,0,,,,False
834,NEWTON FOOD MART,"3600 12TH ST NE Washington, DC 20017",(202) 635-0926,newtonfoodmart@yahoo.com,2008-09-05,,,NEWTON FOOD MART,,2011-03-24,2011-03-31,Grocery Store,2,Routine,0,,,,,,,,,,0,0,0,0,0,0,,JA,,False
835,NEW TONG SHIN,"3901 12TH ST NE Washington, DC 20017",(202) 832-8868,chen090707@yahoo.com,2008-10-08,,,Hua Rong Corporation,09305xxxx-41004271,2015-09-01,2017-08-31,Delicatessen,3,Follow-up,0,,,,,,,,,,0,0,0,0,0,0,,JA,,False
836,NEWTON FOOD MART,"3600 12TH ST NE Washington, DC 20017",(202) 635-0926,newtonfoodmart@yahoo.com,2008-10-20,,,NEWTON FOOD MART,,2011-03-24,2011-03-31,Grocery Store,2,Follow-up,0,,,,,,,,,,0,0,0,0,0,0,,JA,,False
837,NEW TONG SHIN,"3901 12TH ST NE Washington, DC 20017",(202) 832-8868,chen090707@yahoo.com,2009-03-30,,,Hua Rong Corporation,09305xxxx-41004271,2015-09-01,2017-08-31,Delicatessen,3,Routine,0,,,,,,,,,,0,0,0,0,0,0,,,,False
838,NEWTON FOOD MART,"3600 12TH ST NE Washington, DC 20017",(202) 635-0926,newtonfoodmart@yahoo.com,2009-08-05,,,NEWTON FOOD MART,,2011-03-24,2011-03-31,Grocery Store,2,Routine,0,,,,,,,,,,0,0,0,0,0,0,,,,False
839,NEWTON FOOD MART,"3600 12TH ST NE Washington, DC 20017",(202) 635-0926,newtonfoodmart@yahoo.com,2009-08-13,,,NEWTON FOOD MART,,2011-03-24,2011-03-31,Grocery Store,2,Follow-up,0,,,,,,,,,,0,0,0,0,0,0,,,,False
840,NEW TONG SHIN,"3901 12TH ST NE Washington, DC 20017",(202) 832-8868,chen090707@yahoo.com,2009-10-02,,,Hua Rong Corporation,09305xxxx-41004271,2009-09-01,2011-08-31,Delicatessen,3,Routine,0,,,,,,,,,,0,0,0,0,0,0,,NF,,False
841,SARDIS CAFE,"3600 NEW YORK AVE NE Washington, DC 20002",(202) 636-4904,,2009-01-07,,,Sardis Inc.,41226xxxx-69000161,2009-01-01,2010-12-31,Restaurant Total,3,Other,0,,,,,,,,,,0,0,0,0,0,0,,,,False
842,TSIM YUNG RESTAURANT,"3625 12TH ST NE WASHINGTON, DC 20017",(202) 635-1318,fuguo8@hotmail.com,2008-09-05,,,The Cheng Corporation,09313xxxx-39703765,2016-05-01,2018-04-30,Restaurant Total,3,Routine,0,,,,,,,,,,0,0,0,0,0,0,,JA,,False
843,TSIM YUNG RESTAURANT,"3625 12TH ST NE WASHINGTON, DC 20017",(202) 635-1318,fuguo8@hotmail.com,2008-09-22,,,The Cheng Corporation,09313xxxx-39703765,2016-05-01,2018-04-30,Restaurant Total,3,Follow-up,0,,,,,,,,,,0,0,0,0,0,0,,JA,,False
844,TSIM YUNG RESTAURANT,"3625 12TH ST NE WASHINGTON, DC 20017",(202) 635-1318,fuguo8@hotmail.com,2009-04-01,,,The Cheng Corporation,09313xxxx-39703765,2016-05-01,2018-04-30,Restaurant Total,3,Routine,0,,,,,,,,,,0,0,0,0,0,0,,,,False
845,TSIM YUNG RESTAURANT,"3625 12TH ST NE WASHINGTON, DC 20017",(202) 635-1318,fuguo8@hotmail.com,2009-08-04,,,The Cheng Corporation,09313xxxx-39703765,2016-05-01,2018-04-30,Restaurant Total,3,Routine,0,,,,,,,,,,0,0,0,0,0,0,,,,False
846,TSIM YUNG RESTAURANT,"3625 12TH ST NE WASHINGTON, DC 20017",(202) 635-1318,fuguo8@hotmail.com,2009-08-13,,,The Cheng Corporation,09313xxxx-39703765,2016-05-01,2018-04-30,Restaurant Total,3,Follow-up,0,,,,,,,,,,0,0,0,0,0,0,,,,False
847,TSIM YUNG RESTAURANT,"3625 12TH ST NE WASHINGTON, DC 20017",(202) 635-1318,fuguo8@hotmail.com,2010-02-26,,,The Cheng Corporation,09313xxxx-39703765,2016-05-01,2018-04-30,Restaurant Total,3,Complaint,0,,,,,,,,,,0,0,0,0,0,0,,YW,,False
848,TSIM YUNG RESTAURANT,"3625 12TH ST NE WASHINGTON, DC 20017",(202) 635-1318,fuguo8@hotmail.com,2010-03-01,,,The Cheng Corporation,09313xxxx-39703765,2016-05-01,2018-04-30,Restaurant Total,3,Complaint,0,,,,,,,,,,0,0,0,0,0,0,,YW,,False
849,TSIM YUNG RESTAURANT,"3625 12TH ST NE WASHINGTON, DC 20017",(202) 635-1318,fuguo8@hotmail.com,2010-03-08,,,The Cheng Corporation,09313xxxx-39703765,2016-05-01,2018-04-30,Restaurant Total,3,Follow-up,0,,,,,,,,,,0,0,0,0,0,0,,YW,,False
850,CAFE SUREIA,"3629 12TH ST NE Washington, DC 20017",(202) 635-8444,,2008-09-10,,,Cafe Sureia,94343xxxx-68005174,2010-08-01,2012-07-31,Restaurant Total,3,Routine,0,,,,,,,,,,0,0,0,0,0,0,,JA,,False
851,CAFE SUREIA,"3629 12TH ST NE Washington, DC 20017",(202) 635-8444,,2009-04-01,,,Cafe Sureia,94343xxxx-68005174,2010-08-01,2012-07-31,Restaurant Total,3,Routine,0,,,,,,,,,,0,0,0,0,0,0,,,,False
852,CAFE SUREIA,"3629 12TH ST NE Washington, DC 20017",(202) 635-8444,,2009-08-04,,,Cafe Sureia,94343xxxx-68005174,2010-08-01,2012-07-31,Restaurant Total,3,Routine,0,,,,,,,,,,0,0,0,0,0,0,,,,False
853,CAFE SUREIA,"3629 12TH ST NE Washington, DC 20017",(202) 635-8444,,2009-08-13,,,Cafe Sureia,94343xxxx-68005174,2010-08-01,2012-07-31,Restaurant Total,3,Follow-up,0,,,,,,,,,,0,0,0,0,0,0,,,,False
854,CAFE SUREIA,"3629 12TH ST NE Washington, DC 20017",(202) 635-8444,,2009-08-26,,,Cafe Sureia,94343xxxx-68005174,2010-08-01,2012-07-31,Restaurant Total,3,Follow-up,0,,,,,,,,,,0,0,0,0,0,0,,,,False
855,GREENWAY LIQUORS,"3700 MINNESOTA AVE NE Washington, DC 20019",(202) 396-7402,greenwaylqr@gmail.com,2008-02-26,,,Capitol 1 DC LLC,09306xxxx-66006387,2016-10-01,2018-09-30,Food Products,1,Follow-up,0,,,,,,,,,,0,0,0,0,0,0,,CB,,False
856,DANNY'S SUB SHOP,"3710 MINNESOTA AVE NE WASHINGTON, DC 20019",202-388-8666,ywhe88@yahoo.com,2008-05-15,,,"He, Xin",09305xxxx-39902958,2015-09-01,2017-08-31,Delicatessen,3,Complaint,0,,,,,,,,,,0,0,0,0,0,0,,JA,,False
857,DANNY'S SUB SHOP,"3710 MINNESOTA AVE NE WASHINGTON, DC 20019",202-388-8666,ywhe88@yahoo.com,2009-04-07,,,"He, Xin",09305xxxx-39902958,2015-09-01,2017-08-31,Delicatessen,3,Routine,0,,,,,,,,,,0,0,0,0,0,0,,,,False
858,DANNY'S SUB SHOP,"3710 MINNESOTA AVE NE WASHINGTON, DC 20019",202-388-8666,ywhe88@yahoo.com,2009-04-13,,,"He, Xin",09305xxxx-39902958,2015-09-01,2017-08-31,Delicatessen,3,Follow-up,0,,,,,,,,,,0,0,0,0,0,0,,,,False
859,DANNY'S SUB SHOP,"3710 MINNESOTA AVE NE WASHINGTON, DC 20019",202-388-8666,ywhe88@yahoo.com,2009-07-30,,,"He, Xin",09305xxxx-39902958,2015-09-01,2017-08-31,Delicatessen,3,Follow-up,0,,,,,,,,,,0,0,0,0,0,0,,,,False
860,POTOMAC SEAFOOD,"3730 MINNESOTA AVE NE Washington, DC 20019",(202) 399-7070,,2009-04-07,,,Sung Su Lee,09395xxxx-70107481,2016-09-01,2018-08-31,Delicatessen,3,Routine,0,,,,,,,,,,0,0,0,0,0,0,,,,False
861,POTOMAC SEAFOOD,"3730 MINNESOTA AVE NE Washington, DC 20019",(202) 399-7070,,2009-04-13,,,Sung Su Lee,09395xxxx-70107481,2016-09-01,2018-08-31,Delicatessen,3,Follow-up,0,,,,,,,,,,0,0,0,0,0,0,,,,False
862,POTOMAC SEAFOOD,"3730 MINNESOTA AVE NE Washington, DC 20019",(202) 399-7070,,2009-07-23,,,Sung Su Lee,09395xxxx-70107481,2016-09-01,2018-08-31,Delicatessen,3,Complaint,0,,,,,,,,,,0,0,0,0,0,0,,AJ,,False
863,POTOMAC SEAFOOD,"3730 MINNESOTA AVE NE Washington, DC 20019",(202) 399-7070,,2009-08-05,,,Sung Su Lee,09395xxxx-70107481,2016-09-01,2018-08-31,Delicatessen,3,Follow-up,0,,,,,,,,,,0,0,0,0,0,0,,CB,,False
864,PIZZA BOLIS,"3738 10TH ST NE Washington, DC 20017",202-636-7272,shamy4u@yahoo.com,2008-03-12,,,"Latif, Norman",09305xxxx-16000009,2015-10-01,2017-09-30,Delicatessen,3,Follow-up,0,,,,,,,,,,0,0,0,0,0,0,,AJ,,False
865,PIZZA BOLIS,"3738 10TH ST NE Washington, DC 20017",202-636-7272,shamy4u@yahoo.com,2008-09-17,,,"Latif, Norman",09305xxxx-16000009,2015-10-01,2017-09-30,Delicatessen,3,Routine,0,,,,,,,,,,0,0,0,0,0,0,,JA,,False
866,PIZZA BOLIS,"3738 10TH ST NE Washington, DC 20017",202-636-7272,shamy4u@yahoo.com,2008-10-06,,,"Latif, Norman",09305xxxx-16000009,2015-10-01,2017-09-30,Delicatessen,3,Follow-up,0,,,,,,,,,,0,0,0,0,0,0,,JA,,False
867,PIZZA BOLIS,"3738 10TH ST NE Washington, DC 20017",202-636-7272,shamy4u@yahoo.com,2009-09-09,,,"Latif, Norman",09305xxxx-16000009,2015-10-01,2017-09-30,Delicatessen,3,Follow-up,0,,,,,,,,,,0,0,0,0,0,0,,CB,,False
868,PIZZA BOLIS,"3738 10TH ST NE Washington, DC 20017",202-636-7272,shamy4u@yahoo.com,2009-11-16,,,"Latif, Norman",09305xxxx-16000009,2015-10-01,2017-09-30,Delicatessen,3,Follow-up,0,,,,,,,,,,0,0,0,0,0,0,,BRB,,False
869,DOMINO'S PIZZA,"3780 MINNESOTA AVE NE WASHINGTON, DC 20019",(202) 396-9500,kurtdaug@gmail.com,2008-04-15,,,Team Washington Inc.,09305xxxx-39105243,2015-09-01,2017-08-31,Delicatessen,3,Routine,0,,,,,,,,,,0,0,0,0,0,0,,CB,,False
870,DOMINO'S PIZZA,"3780 MINNESOTA AVE NE WASHINGTON, DC 20019",(202) 396-9500,kurtdaug@gmail.com,2008-05-30,,,Team Washington Inc.,09305xxxx-39105243,2015-09-01,2017-08-31,Delicatessen,3,Follow-up,0,,,,,,,,,,0,0,0,0,0,0,,CB,,False
871,DOMINO'S PIZZA,"3780 MINNESOTA AVE NE WASHINGTON, DC 20019",(202) 396-9500,kurtdaug@gmail.com,2009-04-07,,,Team Washington Inc.,09305xxxx-39105243,2015-09-01,2017-08-31,Delicatessen,3,Routine,0,,,,,,,,,,0,0,0,0,0,0,,,,False
872,DOMINO'S PIZZA,"3780 MINNESOTA AVE NE WASHINGTON, DC 20019",(202) 396-9500,kurtdaug@gmail.com,2009-04-13,,,Team Washington Inc.,09305xxxx-39105243,2015-09-01,2017-08-31,Delicatessen,3,Follow-up,0,,,,,,,,,,0,0,0,0,0,0,,,,False
873,EASTERN SEAFOOD & SUB,"380 EASTERN AVE NE Washington, DC 20019",,,2008-04-10,,,"Ren, You G.",00000xxxx-50009103,2009-08-31,2011-08-31,Delicatessen,2,Routine,0,,,,,,,,,,0,0,0,0,0,0,,CB,,False
874,EASTERN SEAFOOD & SUB,"380 EASTERN AVE NE Washington, DC 20019",,,2009-06-18,,,"Ren, You G.",00000xxxx-50009103,2009-08-31,2011-08-31,Delicatessen,2,Routine,0,,,,,,,,,,0,0,0,0,0,0,,,,False
875,EASTERN SEAFOOD & SUB,"380 EASTERN AVE NE Washington, DC 20019",,,2009-07-10,,,"Ren, You G.",00000xxxx-50009103,2009-08-31,2011-08-31,Delicatessen,2,Follow-up,0,,,,,,,,,,0,0,0,0,0,0,,,,False
876,YES ORGANIC MARKET,"3809 12TH ST NE Washington, DC 20017",(202) 832-7715,Joon@yesorganic.net,2008-09-25,,,Yes Organic Four Inc,09305xxxx-69000140,2008-09-01,2010-10-31,Delicatessen,2,Other,0,,,,,,,,,,0,0,0,0,0,0,,,,False
877,YES ORGANIC MARKET,"3809 12TH ST NE Washington, DC 20017",(202) 832-7715,Joon@yesorganic.net,2008-07-29,,,Yes Organic Four Inc,09305xxxx-69000140,2017-01-01,2018-12-31,Delicatessen,2,Routine,0,,,,,,,,,,0,0,0,0,0,0,,CB,,False
878,YES ORGANIC MARKET,"3809 12TH ST NE Washington, DC 20017",(202) 832-7715,Joon@yesorganic.net,2008-09-17,,,Yes Organic Four Inc,09305xxxx-69000140,2008-09-01,2010-10-31,Delicatessen,2,Routine,0,,,,,,,,,,0,0,0,0,0,0,,JA,,False
879,YES ORGANIC MARKET,"3809 12TH ST NE Washington, DC 20017",(202) 832-7715,Joon@yesorganic.net,2009-02-24,,,Yes Organic Four Inc,09305xxxx-69000140,2008-09-01,2010-10-31,Delicatessen,2,Complaint,0,,,,,,,,,,0,0,0,0,0,0,,AJ,,False
880,YES ORGANIC MARKET,"3809 12TH ST NE Washington, DC 20017",(202) 832-7715,Joon@yesorganic.net,2009-08-05,,,Yes Organic Four Inc,09305xxxx-69000140,2008-09-01,2010-10-31,Delicatessen,2,Routine,0,,,,,,,,,,0,0,0,0,0,0,,,,False
881,YES ORGANIC MARKET,"3809 12TH ST NE Washington, DC 20017",(202) 832-7715,Joon@yesorganic.net,2009-08-13,,,Yes Organic Four Inc,09305xxxx-69000140,2008-09-01,2010-10-31,Delicatessen,2,Follow-up,0,,,,,,,,,,0,0,0,0,0,0,,,,False
882,YES ORGANIC MARKET,"3809 12TH ST NE Washington, DC 20017",(202) 832-7715,Joon@yesorganic.net,2009-09-29,,,Yes Organic Four Inc,09305xxxx-69000140,2008-09-01,2010-10-31,Delicatessen,2,Routine,0,,,,,,,,,,0,0,0,0,0,0,,NF,,False
883,CHESAPEAKE BAGEL,"3839 MINNESOTA AVE NE Washington, DC 20019",(202) 399-7427,,2008-04-04,,,East River Bagel Inc.,52190xxxx-39504428,2010-05-01,2012-04-30,Restaurant Total,3,Routine,0,,,,,,,,,,0,0,0,0,0,0,,CB,,False
884,CHESAPEAKE BAGEL,"3839 MINNESOTA AVE NE Washington, DC 20019",(202) 399-7427,,2008-04-14,,,East River Bagel Inc.,52190xxxx-39504428,2010-05-01,2012-04-30,Restaurant Total,3,Follow-up,0,,,,,,,,,,0,0,0,0,0,0,,CB,,False
885,MALCOLM LIQUORS,"3845 MINNESOTA AVE NE Washington, DC 20019",,,2008-06-20,,,"Yun Bros, Inc.",20824xxxx-67001394,2011-03-01,2013-02-28,Food Products,1,Routine,0,,,,,,,,,,0,0,0,0,0,0,,CB,,False
886,MINNESOTA LIQUORS,"2237 MINNESOTA AVE SE Washington, DC 20019",(202) 584-6363,chungh00@yahoo.com,2008-03-04,,,"Bob-Kat, Inc.",09306xxxx-12000005,2015-12-01,2017-11-30,Food Products,1,Routine,0,,,,,,,,,,0,0,0,0,0,0,,CB,,False
887,MINNESOTA SEAFOOD,"3847 MINNESOTA AVE NE WASHINGTON, DC 20018",(301) 396-3500,aaronusb123@gmail.com,2008-06-20,,,Xue T Chen,09305xxxx-53002619,2013-09-01,2015-08-31,Delicatessen,3,Routine,0,,,,,,,,,,0,0,0,0,0,0,,CB,,False
888,MINNESOTA SEAFOOD,"3847 MINNESOTA AVE NE WASHINGTON, DC 20018",(301) 396-3500,aaronusb123@gmail.com,2008-07-03,,,Xue T Chen,09305xxxx-53002619,2013-09-01,2015-08-31,Delicatessen,3,Follow-up,0,,,,,,,,,,0,0,0,0,0,0,,AJ,,False
889,MINNESOTA MARKET,"2233 MINNESOTA AVE SE Washington, DC 20019",(202) 582-1111,jebrilabrar@ymail.com,2008-11-18,,,JTK Inc,09308xxxx-68000674,2012-02-01,2014-01-31,Grocery Store,2,Routine,0,,,,,,,,,,0,0,0,0,0,0,,SC,,False
890,MINNESOTA SEAFOOD,"3847 MINNESOTA AVE NE WASHINGTON, DC 20018",(301) 396-3500,aaronusb123@gmail.com,2008-12-28,,,Xue T Chen,09305xxxx-53002619,2013-09-01,2015-08-31,Delicatessen,3,Complaint,0,,,,,,,,,,0,0,0,0,0,0,,AJ,,False
891,MINNESOTA SEAFOOD,"3847 MINNESOTA AVE NE WASHINGTON, DC 20018",(301) 396-3500,aaronusb123@gmail.com,2008-12-31,,,Xue T Chen,09305xxxx-53002619,2013-09-01,2015-08-31,Delicatessen,3,Complaint,0,,,,,,,,,,0,0,0,0,0,0,,AJ,,False
892,MINNESOTA SEAFOOD,"3847 MINNESOTA AVE NE WASHINGTON, DC 20018",(301) 396-3500,aaronusb123@gmail.com,2009-04-13,,,Xue T Chen,09305xxxx-53002619,2013-09-01,2015-08-31,Delicatessen,3,Routine,0,,,,,,,,,,0,0,0,0,0,0,,,,False
893,MINNESOTA SEAFOOD,"3847 MINNESOTA AVE NE WASHINGTON, DC 20018",(301) 396-3500,aaronusb123@gmail.com,2009-04-24,,,Xue T Chen,09305xxxx-53002619,2013-09-01,2015-08-31,Delicatessen,3,Follow-up,0,,,,,,,,,,0,0,0,0,0,0,,,,False
894,MINNESOTA FOOD MART,"3728 MINNESOTA AVE NE Washington, DC 20019",(202) 398-1585,,2009-08-05,,,Jose L. Duarte,12345xxxx-69007231,2009-07-31,2011-07-31,Grocery Store,2,Routine,0,,,,,,,,,,0,0,0,0,0,0,,CB,,False
895,MINNESOTA FOOD MART,"3728 MINNESOTA AVE NE Washington, DC 20019",(202) 398-1585,,2009-09-02,,,Jose L. Duarte,12345xxxx-69007231,2009-07-31,2011-07-31,Grocery Store,2,Follow-up,0,,,,,,,,,,0,0,0,0,0,0,,NF,,False
896,MINNESOTA LIQUORS,"2237 MINNESOTA AVE SE Washington, DC 20019",(202) 584-6363,chungh00@yahoo.com,2009-09-22,,,"Bob-Kat, Inc.",09306xxxx-12000005,2015-12-01,2017-11-30,Food Products,1,Routine,0,,,,,,,,,,0,0,0,0,0,0,,CB,,False
897,MINNESOTA MARKET,"2233 MINNESOTA AVE SE Washington, DC 20019",(202) 582-1111,jebrilabrar@ymail.com,2009-09-22,,,JTK Inc,09308xxxx-68000674,2012-02-01,2014-01-31,Grocery Store,2,Routine,0,,,,,,,,,,0,0,0,0,0,0,,CB,,False
898,SHOP EXPRESS,"3900 BENNING RD NE Washington, DC 20019",(202) 399-6955,,2008-04-15,,,SAS Convenience Inc.,02036xxxx-65006760,2011-09-01,2013-08-31,Delicatessen,2,Routine,0,,,,,,,,,,0,0,0,0,0,0,,CB,,False
899,SHOP EXPRESS,"3900 BENNING RD NE Washington, DC 20019",(202) 399-6955,,2008-05-30,,,SAS Convenience Inc.,02036xxxx-65006760,2011-09-01,2013-08-31,Delicatessen,2,Follow-up,0,,,,,,,,,,0,0,0,0,0,0,,CB,,False
900,SHOP EXPRESS,"3900 BENNING RD NE Washington, DC 20019",(202) 399-6955,,2009-08-18,,,SAS Convenience Inc.,02036xxxx-65006760,2011-09-01,2013-08-31,Delicatessen,2,Routine,0,,,,,,,,,,0,0,0,0,0,0,,NF,,False
901,SHOP EXPRESS,"3900 BENNING RD NE Washington, DC 20019",(202) 399-6955,,2010-03-11,,,SAS Convenience Inc.,02036xxxx-65006760,2009-09-01,2011-08-31,Delicatessen,2,Complaint,0,,,,,,,,,,0,0,0,0,0,0,,YW,,False
902,SHOP EXPRESS,"3900 BENNING RD NE Washington, DC 20019",(202) 399-6955,,2010-03-16,,,SAS Convenience Inc.,02036xxxx-65006760,2009-09-01,2011-08-31,Delicatessen,2,Complaint,0,,,,,,,,,,0,0,0,0,0,0,,YW,,False
903,SHOP EXPRESS,"3900 BENNING RD NE Washington, DC 20019",(202) 399-6955,,2010-03-23,,,SAS Convenience Inc.,02036xxxx-65006760,2009-09-01,2011-08-31,Delicatessen,2,Follow-up,0,,,,,,,,,,0,0,0,0,0,0,,YW,,False
904,POPE JOHN PAUL II CULTURAL CENTER,"3900 HAREWOOD RD NE Washington, DC 20002",,,2009-09-18,,,Pope John Paul II Cultural Center Foundations Inc,52229xxxx-68004823,2008-06-30,2010-06-30,Restaurant Total,3,Follow-up,0,,,,,,,,,,0,0,0,0,0,0,,NF,,False
905,MCDONALD'S,"3901 MINNESOTA AVE NE Washington, DC 20019",202-399-0686,SERGI2287@LIVE.COM,2008-03-25,,,FEC Enterprises LLC,09313xxxx-50009735,2016-05-01,2018-04-30,Restaurant Total,3,Complaint,0,,,,,,,,,,0,0,0,0,0,0,,CB,,False
906,MCDONALD'S,"3901 MINNESOTA AVE NE Washington, DC 20019",202-399-0686,SERGI2287@LIVE.COM,2008-10-02,,,FEC Enterprises LLC,09313xxxx-50009735,2016-05-01,2018-04-30,Restaurant Total,3,Complaint,0,,,,,,,,,,0,0,0,0,0,0,,JA,,False
907,MCDONALD'S,"3901 MINNESOTA AVE NE Washington, DC 20019",202-399-0686,SERGI2287@LIVE.COM,2008-10-03,,,FEC Enterprises LLC,09313xxxx-50009735,2016-05-01,2018-04-30,Restaurant Total,3,Complaint,0,,,,,,,,,,0,0,0,0,0,0,,JA,,False
908,MCDONALD'S,"3901 MINNESOTA AVE NE Washington, DC 20019",202-399-0686,SERGI2287@LIVE.COM,2008-12-29,09:00 AM,,FEC Enterprises LLC,09313xxxx-50009735,2016-05-01,2018-04-30,Restaurant Total,3,renovation,0,,,,,,,,,,0,0,0,0,0,0,,AJ,54,False
909,MCDONALD'S,"3901 MINNESOTA AVE NE Washington, DC 20019",202-399-0686,SERGI2287@LIVE.COM,2009-09-01,,,FEC Enterprises LLC,09313xxxx-50009735,2016-05-01,2018-04-30,Restaurant Total,3,Complaint,0,,,,,,,,,,0,0,0,0,0,0,,NF,,False
910,MCDONALD'S,"3901 MINNESOTA AVE NE Washington, DC 20019",202-399-0686,SERGI2287@LIVE.COM,2009-09-02,,,FEC Enterprises LLC,09313xxxx-50009735,2016-05-01,2018-04-30,Restaurant Total,3,Complaint,0,,,,,,,,,,0,0,0,0,0,0,,NF,,False
911,MCDONALD'S,"3901 MINNESOTA AVE NE Washington, DC 20019",202-399-0686,SERGI2287@LIVE.COM,2009-09-08,,,FEC Enterprises LLC,09313xxxx-50009735,2016-05-01,2018-04-30,Restaurant Total,3,Follow-up,0,,,,,,,,,,0,0,0,0,0,0,,NF,,False
912,MCDONALD'S,"3901 MINNESOTA AVE NE Washington, DC 20019",202-399-0686,SERGI2287@LIVE.COM,2009-10-02,,,FEC Enterprises LLC,09313xxxx-50009735,2016-05-01,2018-04-30,Restaurant Total,3,Routine,0,,,,,,,,,,0,0,0,0,0,0,,CB,,False
913,WHELAN LIQUORS,"3903 12TH ST NE Washington, DC 20017",(202) 526-3990,anirudh.rachakonda@gmail.com,2009-09-23,,,R.K.S.R. Inc.,09306xxxx-54002245,2014-05-01,2016-04-30,Food Products,1,Other,0,,,,,,,,,,0,0,0,0,0,0,,,,False
914,WHELAN LIQUORS,"3903 12TH ST NE Washington, DC 20017",(202) 526-3990,anirudh.rachakonda@gmail.com,2008-09-15,,,R.K.S.R. Inc.,09306xxxx-54002245,2014-05-01,2016-04-30,Food Products,1,Routine,0,,,,,,,,,,0,0,0,0,0,0,,JA,,False
915,WHELAN LIQUORS,"3903 12TH ST NE Washington, DC 20017",(202) 526-3990,anirudh.rachakonda@gmail.com,2009-09-29,,,R.K.S.R. Inc.,09306xxxx-54002245,2014-05-01,2016-04-30,Food Products,1,Follow-up,0,,,,,,,,,,0,0,0,0,0,0,,BRB,,False
916,ELLIS ISLAND,"3908 12TH ST NE Washington, DC 20017",,,2008-01-24,,,ELLIS ISLAND,,,,Restaurant Total,3,Complaint,0,,,,,,,,,,0,0,0,0,0,0,,AJ,,False
917,SAN ANTONIO GRILL,"3908 12TH ST NE Washington, DC 20017",(202) 832-8080,sanantoniogrilldc@gmail.com,2008-10-29,,,Kelly's Michigan Park LLC,09313xxxx-68006934,2016-11-01,2018-10-31,Restaurant Total,3,Preoperational,0,,,,,,,,,,0,0,0,0,0,0,,JA,,False
918,SAN ANTONIO GRILL,"3908 12TH ST NE Washington, DC 20017",(202) 832-8080,sanantoniogrilldc@gmail.com,2009-09-29,,,Kelly's Michigan Park LLC,09313xxxx-68006934,2008-10-31,2010-10-31,Restaurant Total,3,Routine,0,,,,,,,,,,0,0,0,0,0,0,,NF,,False
919,TODAY'S PIZZA,"3928 12TH ST NE Washington, DC 20017",(202) 529-2900,rmahmood5270@gmail.com,2008-07-29,,,Ahad Inc.,09305xxxx-67003668,2017-07-01,2019-06-30,Delicatessen,3,Routine,0,,,,,,,,,,0,0,0,0,0,0,,CB,,False
920,TODAY'S PIZZA,"3928 12TH ST NE Washington, DC 20017",(202) 529-2900,rmahmood5270@gmail.com,2008-09-16,,,Ahad Inc.,09305xxxx-67003668,2017-07-01,2019-06-30,Delicatessen,3,Follow-up,0,,,,,,,,,,0,0,0,0,0,0,,JA,,False
921,TODAY'S PIZZA,"3928 12TH ST NE Washington, DC 20017",(202) 529-2900,rmahmood5270@gmail.com,2009-03-30,,,Ahad Inc.,09305xxxx-67003668,2017-07-01,2019-06-30,Delicatessen,3,Routine,0,,,,,,,,,,0,0,0,0,0,0,,,,False
922,TODAY'S PIZZA,"3928 12TH ST NE Washington, DC 20017",(202) 529-2900,rmahmood5270@gmail.com,2009-08-26,,,Ahad Inc.,09305xxxx-67003668,2009-07-01,2011-06-30,Delicatessen,3,Routine,0,,,,,,,,,,0,0,0,0,0,0,,,,False
923,TODAY'S PIZZA,"3928 12TH ST NE Washington, DC 20017",(202) 529-2900,rmahmood5270@gmail.com,2009-09-02,,,Ahad Inc.,09305xxxx-67003668,2009-07-01,2011-06-30,Delicatessen,3,Follow-up,0,,,,,,,,,,0,0,0,0,0,0,,,,False
924,MURRY'S #8011,"3932 MINNESOTA AVE NE Washington, DC 20019",202-396-0406,MURRYS8011@MURRYS.COM,2008-03-13,,,Murry's of Maryland Inc,09308XXXX-39807148,2013-09-01,2015-08-31,Grocery Store,2,Follow-up,0,,,,,,,,,,0,0,0,0,0,0,,CB,,False
925,99 CENTS DAYS,"3936 MINNESOTA AVE NE Washington, DC 20019",(202) 396-3460,,2008-02-21,,,DC Store 2 Inc,09306xxxx-40006165,2012-01-01,2013-12-31,Food Products,1,Follow-up,0,,,,,,,,,,0,0,0,0,0,0,,CB,,False
926,WELTMAN'S LIQUOR,"3938 MINNESOTA AVE NE Washington, DC 20019",(202) 396-3333,Pyon4477@hotmail.com,2008-02-21,,,UNCHA Inc,09306xxxx-69006245,2017-07-01,2019-06-30,Food Products,1,Follow-up,0,,,,,,,,,,0,0,0,0,0,0,,CB,,False
927,WELTMAN'S LIQUOR,"3938 MINNESOTA AVE NE Washington, DC 20019",(202) 396-3333,Pyon4477@hotmail.com,2009-07-23,,,UNCHA Inc,09306xxxx-69006245,2017-07-01,2019-06-30,Food Products,1,Follow-up,0,,,,,,,,,,0,0,0,0,0,0,,AJ,,False
928,YUM'S CARRYOUT,"3943 MINNESOTA AVE NE WASHINGTON, DC 20019",202-396-7811,hyjackychan@yahoo.com,2008-04-04,,,Jacky Hung Yu Chan,09305xxxx-66002882,2016-04-01,2018-03-31,Delicatessen,3,Routine,0,,,,,,,,,,0,0,0,0,0,0,,CB,,False
929,YUM'S CARRYOUT,"3943 MINNESOTA AVE NE WASHINGTON, DC 20019",202-396-7811,hyjackychan@yahoo.com,2008-04-14,,,Jacky Hung Yu Chan,09305xxxx-66002882,2016-04-01,2018-03-31,Delicatessen,3,Follow-up,0,,,,,,,,,,0,0,0,0,0,0,,CB,,False
930,YUM'S CARRYOUT,"3943 MINNESOTA AVE NE WASHINGTON, DC 20019",202-396-7811,hyjackychan@yahoo.com,2009-07-13,,,Jacky Hung Yu Chan,09305xxxx-66002882,2016-04-01,2018-03-31,Delicatessen,3,Follow-up,0,,,,,,,,,,0,0,0,0,0,0,,,,False
931,SUBWAY,"3950 MINNESOTA AVE NE Washington, DC 20019",202-398-3222,kashemabul1975@gmail.com,2009-01-06,,,Minnesota Avenue Subway Incorporated,09305xxxx-17000037,2016-12-01,2018-11-30,Restaurant Total,3,Complaint,0,,,,,,,,,,0,0,0,0,0,0,,,,False
932,SUBWAY,"3950 MINNESOTA AVE NE Washington, DC 20019",202-398-3222,kashemabul1975@gmail.com,2009-01-28,,,Minnesota Avenue Subway Incorporated,09305xxxx-17000037,2016-12-01,2018-11-30,Restaurant Total,3,Follow-up,0,,,,,,,,,,0,0,0,0,0,0,,,,False
933,SUBWAY,"3950 MINNESOTA AVE NE Washington, DC 20019",202-398-3222,kashemabul1975@gmail.com,2009-07-16,,,Minnesota Avenue Subway Incorporated,09305xxxx-17000037,2016-12-01,2018-11-30,Restaurant Total,3,Complaint,0,,,,,,,,,,0,0,0,0,0,0,,YW,,False
934,SUBWAY,"3950 MINNESOTA AVE NE Washington, DC 20019",202-398-3222,kashemabul1975@gmail.com,2009-07-28,,,Minnesota Avenue Subway Incorporated,09305xxxx-17000037,2016-12-01,2018-11-30,Restaurant Total,3,Follow-up,0,,,,,,,,,,0,0,0,0,0,0,,,,False
935,SUBWAY,"3950 MINNESOTA AVE NE Washington, DC 20019",202-398-3222,kashemabul1975@gmail.com,2009-10-02,,,Minnesota Avenue Subway Incorporated,09305xxxx-17000037,2016-12-01,2018-11-30,Restaurant Total,3,Routine,0,,,,,,,,,,0,0,0,0,0,0,,CB,,False
936,THE NATIONAL SHRINE,"400 MICHIGAN AVE NE WASHINGTON, DC 20017",(202) 380-6189,Bernard.wood@sodexo.com,2008-10-06,,,Natl Shrine Federal Government,09313xxxx-50004670,2018-05-01,2020-04-30,Restaurant Total,3,Routine,0,,,,,,,,,,0,0,0,0,0,0,,,,False
937,THE NATIONAL SHRINE,"400 MICHIGAN AVE NE WASHINGTON, DC 20017",(202) 380-6189,Bernard.wood@sodexo.com,2008-10-06,,,Natl Shrine Federal Government,09313xxxx-50004670,2018-05-01,2020-04-30,Restaurant Total,3,Routine,0,,,,,,,,,,0,0,0,0,0,0,,BF,,False
938,THE NATIONAL SHRINE,"400 MICHIGAN AVE NE WASHINGTON, DC 20017",(202) 380-6189,Bernard.wood@sodexo.com,2009-04-03,,,Natl Shrine Federal Government,09313xxxx-50004670,2018-05-01,2020-04-30,Restaurant Total,3,Routine,0,,,,,,,,,,0,0,0,0,0,0,,,,False
939,THE NATIONAL SHRINE,"400 MICHIGAN AVE NE WASHINGTON, DC 20017",(202) 380-6189,Bernard.wood@sodexo.com,2009-04-17,,,Natl Shrine Federal Government,09313xxxx-50004670,2018-05-01,2020-04-30,Restaurant Total,3,Follow-up,0,,,,,,,,,,0,0,0,0,0,0,,,,False
940,THE NATIONAL SHRINE,"400 MICHIGAN AVE NE WASHINGTON, DC 20017",(202) 380-6189,Bernard.wood@sodexo.com,2009-09-29,,,Natl Shrine Federal Government,09313xxxx-50004670,2018-05-01,2020-04-30,Restaurant Total,3,Routine,0,,,,,,,,,,0,0,0,0,0,0,,NF,,False
941,RHODE ISLAND AMOCO,"400 RHODE ISLAND AVE NE Washington, DC 20002",(202) 635-4545,,2008-03-28,,,AG Enterprises Inc,09306XXXX-41000971,2014-01-01,2015-12-31,Food Products,1,Routine,0,,,,,,,,,,0,0,0,0,0,0,,AJ,,False
942,RHODE ISLAND AMOCO,"400 RHODE ISLAND AVE NE Washington, DC 20002",(202) 635-4545,,2008-05-27,,,AG Enterprises Inc,09306XXXX-41000971,2014-01-01,2015-12-31,Food Products,1,Routine,0,,,,,,,,,,0,0,0,0,0,0,,AJ,,False
943,RHODE ISLAND AMOCO,"400 RHODE ISLAND AVE NE Washington, DC 20002",(202) 635-4545,,2008-09-08,,,AG Enterprises Inc,09306XXXX-41000971,2014-01-01,2015-12-31,Food Products,1,Routine,0,,,,,,,,,,0,0,0,0,0,0,,BF,,False
944,RHODE ISLAND AMOCO,"400 RHODE ISLAND AVE NE Washington, DC 20002",(202) 635-4545,,2008-09-08,,,AG Enterprises Inc,09306XXXX-41000971,2014-01-01,2015-12-31,Food Products,1,Routine,0,,,,,,,,,,0,0,0,0,0,0,,BF,,False
945,RHODE ISLAND AMOCO,"400 RHODE ISLAND AVE NE Washington, DC 20002",(202) 635-4545,,2008-09-15,,,AG Enterprises Inc,09306XXXX-41000971,2014-01-01,2015-12-31,Food Products,1,Follow-up,0,,,,,,,,,,0,0,0,0,0,0,,BF,,False
946,RHODE ISLAND AMOCO,"400 RHODE ISLAND AVE NE Washington, DC 20002",(202) 635-4545,,2008-10-23,,,AG Enterprises Inc,09306XXXX-41000971,2014-01-01,2015-12-31,Food Products,1,Follow-up,0,,,,,,,,,,0,0,0,0,0,0,,,,False
947,RHODE ISLAND AMOCO,"400 RHODE ISLAND AVE NE Washington, DC 20002",(202) 635-4545,,2008-10-23,,,AG Enterprises Inc,09306XXXX-41000971,2014-01-01,2015-12-31,Food Products,1,Follow-up,0,,,,,,,,,,0,0,0,0,0,0,,BF,,False
948,RHODE ISLAND AMOCO,"400 RHODE ISLAND AVE NE Washington, DC 20002",(202) 635-4545,,2008-11-20,,,AG Enterprises Inc,09306XXXX-41000971,2014-01-01,2015-12-31,Food Products,1,Routine,0,,,,,,,,,,0,0,0,0,0,0,,BF,,False
949,RHODE ISLAND AMOCO,"400 RHODE ISLAND AVE NE Washington, DC 20002",(202) 635-4545,,2008-11-20,,,AG Enterprises Inc,09306XXXX-41000971,2014-01-01,2015-12-31,Food Products,1,Follow-up,0,,,,,,,,,,0,0,0,0,0,0,,BF,,False
950,RHODE ISLAND AMOCO,"400 RHODE ISLAND AVE NE Washington, DC 20002",(202) 635-4545,,2008-11-26,,,AG Enterprises Inc,09306XXXX-41000971,2014-01-01,2015-12-31,Food Products,1,Follow-up,0,,,,,,,,,,0,0,0,0,0,0,,BF,,False
951,RHODE ISLAND AMOCO,"400 RHODE ISLAND AVE NE Washington, DC 20002",(202) 635-4545,,2009-09-15,,,AG Enterprises Inc,09306XXXX-41000971,2014-01-01,2015-12-31,Food Products,1,Complaint,0,,,,,,,,,,0,0,0,0,0,0,,BRB,,False
952,RHODE ISLAND AMOCO,"400 RHODE ISLAND AVE NE Washington, DC 20002",(202) 635-4545,,2009-09-15,,,AG Enterprises Inc,09306XXXX-41000971,2014-01-01,2015-12-31,Food Products,1,Complaint,0,,,,,,,,,,0,0,0,0,0,0,,BRB,,False
953,RHODE ISLAND AMOCO,"400 RHODE ISLAND AVE NE Washington, DC 20002",(202) 635-4545,,2009-09-21,,,AG Enterprises Inc,09306XXXX-41000971,2014-01-01,2015-12-31,Food Products,1,Follow-up,0,,,,,,,,,,0,0,0,0,0,0,,YW,,False
954,R & M MARKET,"4003 GAULT PL NE Washington, DC 20019",(202) 396-5015,,2008-04-14,,,"Wisdom Market, Inc.",09308xxxx-66003137,2016-05-01,2018-04-30,Grocery Store,2,Follow-up,0,,,,,,,,,,0,0,0,0,0,0,,CB,,False
955,R & M MARKET,"4003 GAULT PL NE Washington, DC 20019",(202) 396-5015,,2009-06-18,,,"Wisdom Market, Inc.",09308xxxx-66003137,2016-05-01,2018-04-30,Grocery Store,2,Routine,0,,,,,,,,,,0,0,0,0,0,0,,,,False
956,R & M MARKET,"4003 GAULT PL NE Washington, DC 20019",(202) 396-5015,,2009-08-03,,,"Wisdom Market, Inc.",09308xxxx-66003137,2016-05-01,2018-04-30,Grocery Store,2,Follow-up,0,,,,,,,,,,0,0,0,0,0,0,,,,False
957,R & M MARKET,"4003 GAULT PL NE Washington, DC 20019",(202) 396-5015,,2010-03-03,,,"Wisdom Market, Inc.",09308xxxx-66003137,2016-05-01,2018-04-30,Grocery Store,2,Follow-up,0,,,,,,,,,,0,0,0,0,0,0,,YW,,False
958,JACOB'S COFFEE HOUSE,"401 8TH ST NE Washington, DC 20002",(202) 652-0902,jasminejmchoi@gmail.com,2009-03-31,,,JK Global Inc.,26438xxxx-69007090,2013-08-01,2015-07-31,Restaurant Total,3,Other,0,,,,,,,,,,0,0,0,0,0,0,,,,False
959,JACOB'S COFFEE HOUSE,"401 8TH ST NE Washington, DC 20002",(202) 652-0902,jasminejmchoi@gmail.com,2009-08-05,,,JK Global Inc.,26438xxxx-69007090,2009-08-01,2011-07-31,Restaurant Total,3,Other,0,,,,,,,,,,0,0,0,0,0,0,,RT,,False
960,JACOB'S COFFEE HOUSE,"401 8TH ST NE Washington, DC 20002",(202) 652-0902,jasminejmchoi@gmail.com,2009-09-01,,,JK Global Inc.,26438xxxx-69007090,2009-08-01,2011-07-31,Restaurant Total,3,Routine,0,,,,,,,,,,0,0,0,0,0,0,,NF,,False
961,JACOB'S COFFEE HOUSE,"401 8TH ST NE Washington, DC 20002",(202) 652-0902,jasminejmchoi@gmail.com,2010-03-01,,,JK Global Inc.,26438xxxx-69007090,2009-08-01,2011-07-31,Restaurant Total,3,Follow-up,0,,,,,,,,,,0,0,0,0,0,0,,SC,,False
962,THEOLOGICAL COLLEGE CAFETERIA,"401 MICHIGAN AVE NE Washington, DC 20017",(202) 756-5403,sunder.michael@sodexo.com,2008-08-13,,,Sodexo Operations LLC,09313xxxx-65004347,2015-08-01,2017-07-31,Restaurant Total,3,Routine,0,,,,,,,,,,0,0,0,0,0,0,,CB,,False
963,THEOLOGICAL COLLEGE CAFETERIA,"401 MICHIGAN AVE NE Washington, DC 20017",(202) 756-5403,sunder.michael@sodexo.com,2008-10-06,,,Sodexo Operations LLC,09313xxxx-65004347,2015-08-01,2017-07-31,Restaurant Total,3,Routine,0,,,,,,,,,,0,0,0,0,0,0,,,,False
964,SHIM'S RESTAURANT,"4010 MINNESOTA AVE NE Washington, DC 20019",,,2009-12-11,,,SHIM'S RESTAURANT,,,,Restaurant Total,3,Other,0,,,,,,,,,,0,0,0,0,0,0,,,,False
965,YELLOW HOUSE,"4011 MINNESOTA AVE NE Washington, DC 20019",202-397-2266,hannargg@gmail.com,2009-10-02,,,Eun Ran Chon,09305xxxx-67002669,2009-04-30,2011-04-30,Delicatessen,3,Routine,0,,,,,,,,,,0,0,0,0,0,0,,CB,,False
966,DYNAMIC WELLNESS,"402 H ST NE Washington, DC 20002",(202) 547-0163,khepra@kheprasrawfoodjuicebar.com,2008-09-10,,,DYNAMIC WELLNESS,,,,Food Products,1,Routine,0,,,,,,,,,,0,0,0,0,0,0,,AG,,False
967,DYNAMIC WELLNESS,"402 H ST NE Washington, DC 20002",(202) 547-0163,khepra@kheprasrawfoodjuicebar.com,2009-09-17,,,DYNAMIC WELLNESS,,,,Food Products,1,Routine,0,,,,,,,,,,0,0,0,0,0,0,,YW,,False
968,FISH KING DELICATESSEN,"403 RHODE ISLAND AVE NE Washington, DC 20002",(202) 526-6138,Daehongshin@gmail.com,2008-09-09,,,Mi Jung Kim Joon Hui Kim,09305xxxx-66000582,2013-01-01,2015-12-31,Delicatessen,3,Follow-up,0,,,,,,,,,,0,0,0,0,0,0,,BF,,False
969,FISH KING DELICATESSEN,"403 RHODE ISLAND AVE NE Washington, DC 20002",(202) 526-6138,Daehongshin@gmail.com,2008-09-29,,,Mi Jung Kim Joon Hui Kim,09305xxxx-66000582,2013-01-01,2015-12-31,Delicatessen,3,Complaint,0,,,,,,,,,,0,0,0,0,0,0,,BF,,False
970,FISH KING DELICATESSEN,"403 RHODE ISLAND AVE NE Washington, DC 20002",(202) 526-6138,Daehongshin@gmail.com,2008-09-29,,,Mi Jung Kim Joon Hui Kim,09305xxxx-66000582,2013-01-01,2015-12-31,Delicatessen,3,Complaint,0,,,,,,,,,,0,0,0,0,0,0,,BF,,False
971,FISH KING DELICATESSEN,"403 RHODE ISLAND AVE NE Washington, DC 20002",(202) 526-6138,Daehongshin@gmail.com,2008-10-01,,,Mi Jung Kim Joon Hui Kim,09305xxxx-66000582,2013-01-01,2015-12-31,Delicatessen,3,Other,0,,,,,,,,,,0,0,0,0,0,0,,,,False
972,FISH KING DELICATESSEN,"403 RHODE ISLAND AVE NE Washington, DC 20002",(202) 526-6138,Daehongshin@gmail.com,2008-10-01,,,Mi Jung Kim Joon Hui Kim,09305xxxx-66000582,2013-01-01,2015-12-31,Delicatessen,3,Follow-up,0,,,,,,,,,,0,0,0,0,0,0,,BF,,False
973,FLORIDA BEEF,"405 MORSE ST NE Washington, DC 20002",(202) 546-4343,Jbae.123@hotmail.com,2008-11-24,,,"Bae & Bae, Inc",09308xxxx-39500887,2015-09-01,2017-08-31,Grocery Store,1,Routine,0,,,,,,,,,,0,0,0,0,0,0,,NF,,False
974,FLORIDA BEEF,"405 MORSE ST NE Washington, DC 20002",(202) 546-4343,Jbae.123@hotmail.com,2009-09-18,,,"Bae & Bae, Inc",09308xxxx-39500887,2009-09-01,2011-08-31,Grocery Store,1,Routine,0,,,,,,,,,,0,0,0,0,0,0,,NF,,False
975,FLORIDA BEEF,"405 MORSE ST NE Washington, DC 20002",(202) 546-4343,Jbae.123@hotmail.com,2009-09-23,,,"Bae & Bae, Inc",09308xxxx-39500887,2009-09-01,2011-08-31,Grocery Store,1,Follow-up,0,,,,,,,,,,0,0,0,0,0,0,,YW,,False
976,NEW GARDEN CARRYOUT,"4055 MINNESOTA AVE NE Washington, DC 20019",(202) 396-2700,Sandy.chen322@gmail.co,2008-06-11,,,"Zhang, Cui W.",09305xxxx-39902658,2015-08-31,2017-08-31,Delicatessen,3,Follow-up,0,,,,,,,,,,0,0,0,0,0,0,,NF,,False
977,NEW GARDEN CARRYOUT,"4055 MINNESOTA AVE NE Washington, DC 20019",(202) 396-2700,Sandy.chen322@gmail.co,2009-07-13,,,"Zhang, Cui W.",09305xxxx-39902658,2015-08-31,2017-08-31,Delicatessen,3,Follow-up,0,,,,,,,,,,0,0,0,0,0,0,,,,False
978,EASTERN SEAFOOD CO,"407 MORSE ST NE WASHINGTON, DC 20002",(202) 543-5600,,2009-09-18,,,EASTERN SEAFOOD CO,,2011-05-01,2011-05-15,Marine-Food Prod (Retail),4,Routine,0,,,,,,,,,,0,0,0,0,0,0,,NF,,False
979,CASA DEL GUSTO,"409 18TH ST NE Washington, DC 20002",,,2010-03-05,,,Capitol Hill Bakery LLC,09306xxxx-70107468,2012-09-01,2014-08-31,Bakery,2,Other,0,,,,,,,,,,0,0,0,0,0,0,,YW,,False
980,SAM SUNG TOFU,"409 MORSE ST NE Washington, DC 20002",(202) 544-6660,weisfender@gmail.com,2008-11-24,,,Nam & Nam lnc.,09305xxxx-65005985,2015-11-01,2017-10-31,Delicatessen,3,Routine,0,,,,,,,,,,0,0,0,0,0,0,,NF,,False
981,KOWLOON RESTAURANT,"410 61ST ST NE Washington, DC 20019",(202) 396-2217,guo65@yahoo.com,2008-04-10,,,Ping Cai Corporation,09313xxxx-64001144,2014-08-01,2016-07-31,Restaurant Total,3,Routine,0,,,,,,,,,,0,0,0,0,0,0,,CB,,False
982,KOWLOON RESTAURANT,"410 61ST ST NE Washington, DC 20019",(202) 396-2217,guo65@yahoo.com,2009-06-18,,,Ping Cai Corporation,09313xxxx-64001144,2008-07-31,2010-07-31,Restaurant Total,3,Routine,0,,,,,,,,,,0,0,0,0,0,0,,,,False
983,KOWLOON RESTAURANT,"410 61ST ST NE Washington, DC 20019",(202) 396-2217,guo65@yahoo.com,2009-07-10,,,Ping Cai Corporation,09313xxxx-64001144,2008-07-31,2010-07-31,Restaurant Total,3,Follow-up,0,,,,,,,,,,0,0,0,0,0,0,,,,False
990,MCDONALD'S,"424 RHODE ISLAND AVE NE Washington, DC 20002",202-526-3138,leonzo1980@yahoo.com,2009-07-30,,,Furr Inc,09313XXXX-66004413,2008-06-30,2010-06-30,Restaurant Total,2,Follow-up,0,,,,,,,,,,0,0,0,0,0,0,,,,False
991,SUN MARKET,"415 RHODE ISLAND AVE NE WASHINGTON, DC 20002",(202) 269-3869,Julieyi711@gmail.com,2008-09-08,,,DJ Sun Market Inc,09306xxxx-70102181,2014-03-01,2016-02-28,Food Products,2,Routine,0,,,,,,,,,,0,0,0,0,0,0,,BF,,False
992,SUN MARKET,"415 RHODE ISLAND AVE NE WASHINGTON, DC 20002",(202) 269-3869,Julieyi711@gmail.com,2008-09-15,,,DJ Sun Market Inc,09306xxxx-70102181,2014-03-01,2016-02-28,Food Products,2,Routine,0,,,,,,,,,,0,0,0,0,0,0,,BF,,False
993,SUN MARKET,"415 RHODE ISLAND AVE NE WASHINGTON, DC 20002",(202) 269-3869,Julieyi711@gmail.com,2008-09-15,,,DJ Sun Market Inc,09306xxxx-70102181,2014-03-01,2016-02-28,Food Products,2,Follow-up,0,,,,,,,,,,0,0,0,0,0,0,,BF,,False
994,SUN MARKET,"415 RHODE ISLAND AVE NE WASHINGTON, DC 20002",(202) 269-3869,Julieyi711@gmail.com,2010-03-08,,,DJ Sun Market Inc,09306xxxx-70102181,2014-03-01,2016-02-28,Food Products,2,Other,0,,,,,,,,,,0,0,0,0,0,0,,CB,,False
995,YUM'S CARRYOUT,"415 FLORIDA AVE NE WASHINGTON, DC 20002",202-546-5155,Yums1228@yahoo.com,2009-04-03,,,"Zhang, Ming G",21929xxxx-39603720,2009-08-31,2011-08-31,Delicatessen,3,Routine,0,,,,,,,,,,0,0,0,0,0,0,,,,False
996,YUM'S CARRYOUT,"415 FLORIDA AVE NE WASHINGTON, DC 20002",202-546-5155,Yums1228@yahoo.com,2009-07-13,,,"Zhang, Ming G",21929xxxx-39603720,2009-08-31,2011-08-31,Delicatessen,3,Follow-up,0,,,,,,,,,,0,0,0,0,0,0,,,,False
997,HARTMAN MEAT COMPANY,"416 MORSE ST NE Washington, DC 20002",(202) 546-5888,,2009-06-18,,,Hartman Enterprises Inc,9308xxxx-39701825,2013-09-01,2015-08-31,Grocery Store,2,Other,0,,,,,,,,,,0,0,0,0,0,0,,,,False
998,HARTMAN MEAT COMPANY,"416 MORSE ST NE Washington, DC 20002",(202) 546-5888,,2008-02-04,,,Hartman Enterprises Inc,9308xxxx-39701825,2013-09-01,2015-08-31,Grocery Store,2,Routine,0,,,,,,,,,,0,0,0,0,0,0,,CB,,False
999,SIDAMO COFFEE AND TEA,"417 H ST NE Washington, DC 20002",(202) 548-0081,kenfe@sidamodc.com,2008-04-29,,,Sidamo Coffee and Tea Inc.,09313xxxx-68001066,2016-02-01,2018-01-31,Restaurant Total,2,Routine,0,,,,,,,,,,0,0,0,0,0,0,,CB,,False
1000,SIDAMO COFFEE AND TEA,"417 H ST NE Washington, DC 20002",(202) 548-0081,kenfe@sidamodc.com,2008-09-10,,,Sidamo Coffee and Tea Inc.,09313xxxx-68001066,2016-02-01,2018-01-31,Restaurant Total,2,Routine,0,,,,,,,,,,0,0,0,0,0,0,,AG,,False
